"","CUSTOMER","REVENUE","MOU","RECCHRGE","DIRECTAS","OVERAGE","ROAM","CHANGEM","CHANGER","DROPVCE","BLCKVCE","UNANSVCE","CUSTCARE","THREEWAY","MOUREC","OUTCALLS","INCALLS","PEAKVCE","OPEAKVCE","DROPBLK","CALLFWDV","CALLWAIT","MONTHS","UNIQSUBS","ACTVSUBS","CSA","PHONES","MODELS","EQPDAYS","AGE1","AGE2","CHILDREN","CREDITA","CREDITAA","CREDITB","CREDITC","CREDITDE","CREDITGY","CREDITZ","CREDIT_RATING","PRIZMRUR","PRIZMUB","PRIZMTWN","PRZM_NUM","REFURB","WEBCAP","TRUCK","RV","OCCPROF","OCCCLER","OCCCRFT","OCCSTUD","OCCHMKR","OCCRET","OCCSELF","OCC","OCC_LABEL","OWNRENT","MARRYUN","MARRYYES","MARRYNO","MARRY","MARRY_LABEL","MAILORD","MAILRES","MAILFLAG","TRAVEL","PCOWN","CREDITCD","RETCALLS","RETACCPT","NEWCELLY","NEWCELLN","REFER","INCMISS","INCOME","MCYCLE","CREDITAD","SETPRCM","SETPRC","RETCALL","CALIBRAT","CHURNDEP","CHURN","CHURN_Rank_XGB","CHURN_Rank_KM","CHURN_Rank","CHURN_P","Customer_Group"
"1",1000850,86.48,807,75,0,0,0.26,110,-5.25,13.67,0.33,36,0.33,0.33,221.66,56,30.33,174.67,299,14,0,0.33,48,1,1,"NYCBRO917",4,4,174,54,46,1,0,0,0,1,0,0,0,4,0,0,0,3,0,1,0,0,0,0,0,0,0,0,0,0,"NONE",0,0,1,0,2,"UNKNOWN",1,1,0,0,0,1,0,0,1,0,0,0,2,0,1,0,29.99,0,0,NA,0,0.0979228392243385,0.205882352941176,0.151902596082757,0,9
"2",1001433,29.99,216.75,29.99,0,0,0,-27.75,0,0,0,0,0,0,0,0,0,0,0,0,0,0,49,1,1,"BIRBIR205",2,2,164,46,0,1,1,0,0,0,0,0,0,1,0,0,1,0,0,1,0,0,0,0,0,0,0,0,0,0,"NONE",0,0,0,1,0,"UNMARRIED",1,1,0,0,0,1,0,0,0,1,0,0,7,0,0,0,29.99,0,0,NA,0,0.357383906841278,0.254716981132075,0.306050443986677,1,7
"3",1001698,18.42,29.25,16.99,0,0,0,-28.25,-2.28,0.33,0,5,1.33,0,0,0,0,7.67,2,0.33,0,0,44,1,1,"SFRSMO650",1,1,1342,42,0,0,1,0,0,0,0,0,0,1,0,0,0,0,0,1,0,0,1,0,0,0,0,0,0,1,"PROFESSIONAL",0,0,0,1,0,"UNMARRIED",1,1,0,1,1,1,0,0,0,0,0,0,4,0,0,1,0,0,0,NA,0,0.321031332015991,0.254716981132075,0.287874156574033,0,7
"4",1002112,32.64,296.75,44.99,0,16,0,-6.75,-27.84,4.67,2.33,43.33,4.67,1.33,31.47,25,5.33,86.67,54,7,0,0,44,1,1,"NYCBRO917",2,2,498,38,0,0,1,0,0,0,0,0,0,1,0,0,0,3,1,0,0,0,0,0,0,0,0,0,0,0,"NONE",1,0,0,1,0,"UNMARRIED",0,0,0,0,0,1,1,1,0,1,0,0,3,0,1,0,29.99,1,1,1,1,0.505919516086578,0.435294117647059,0.470606816866819,1,2
"5",1002696,165.05,803.25,69.92,0,100,64.64,-211.25,-92.13,1.33,1.33,12,0,0,211.85,20.67,3.33,102.67,50.67,2.67,0,0,37,1,1,"KCYKCM816",7,4,4,56,54,0,1,0,0,0,0,0,0,1,0,0,0,0,0,1,1,0,0,1,0,0,0,0,0,2,"CLERICAL",0,0,1,0,2,"UNKNOWN",1,1,0,0,1,1,0,0,1,0,0,0,6,0,0,0,129.99,0,0,NA,0,0.223230078816414,0.333333333333333,0.278281706074874,0,3
"6",1002781,31.6,93,29.99,0.25,0,0,1,-1.61,0.67,0,4.33,0,0,4.77,2,0.67,13.33,13.33,0.67,0,0,37,1,1,"SFROAK510",1,1,1125,46,34,1,1,0,0,0,0,0,0,1,0,1,0,2,0,0,0,0,1,0,0,0,0,0,0,1,"PROFESSIONAL",0,0,1,0,2,"UNKNOWN",0,0,0,0,0,1,0,0,1,0,0,0,9,0,0,1,0,0,1,1,1,0.351019710302353,0.307262569832402,0.329141140067378,1,6
"7",1003143,27.45,17.75,22.49,0,0,0,-12.75,-27.45,0.33,0.33,0.67,0,0,2.2,3.67,0.67,6.33,5,0.67,0,0,40,2,2,"DALDAL214",3,3,134,46,44,1,1,0,0,0,0,0,0,1,0,1,0,2,0,1,0,0,1,0,0,0,0,0,0,1,"PROFESSIONAL",0,0,1,0,2,"UNKNOWN",1,1,0,0,1,1,0,0,0,1,0,0,9,0,0,0,59.99,0,0,NA,0,0.235166519880295,0.307262569832402,0.271214544856349,0,6
"8",1003169,153.99,622.75,79.49,13.12,216.75,4.71,287.25,50.16,8.67,0.33,31,0.67,0.33,155.02,30,8,153.67,89.33,9,0,2,38,2,2,"DENBOU303",3,3,43,0,0,0,0,0,1,0,0,0,0,3,0,0,0,0,0,1,0,0,0,0,0,0,0,0,0,0,"NONE",1,1,0,0,3,"UNKNOWN",0,0,0,0,0,0,0,0,1,0,0,1,0,0,0,0,59.99,0,0,NA,0,0.465585768222809,0.205882352941176,0.335734060581993,1,9
"9",1004213,59.99,47.5,59.99,0,0,0,15.5,0,1.67,0.67,4.33,0,0,0,0,0,21.67,9.67,2.33,0,0,36,2,2,"SFRSAC916",1,1,1099,56,52,0,1,0,0,0,0,0,0,1,0,0,0,0,0,0,0,0,1,0,0,0,0,0,0,1,"PROFESSIONAL",0,0,1,0,2,"UNKNOWN",1,1,0,0,0,1,0,0,0,1,0,0,9,0,0,1,0,0,1,1,1,0.292733490467072,0.254716981132075,0.273725235799574,0,7
"10",1004458,37.46,77,29.99,0,0,5.41,-69,-8.97,1,0.33,6,0,0,0,0.33,0,6.67,1,1.33,0,0,36,1,1,"MIAPOR941",2,2,586,68,64,0,1,0,0,0,0,0,0,1,0,0,0,0,0,1,1,0,1,0,0,0,0,0,0,1,"PROFESSIONAL",0,0,1,0,2,"UNKNOWN",1,1,0,0,1,1,0,0,0,1,0,0,8,0,0,0,9.99,0,1,1,1,0.268096804618835,0.254716981132075,0.261406892875455,0,7
"11",1004968,62.39,254.75,59.99,1.49,0,0.38,13.25,-1.41,2.33,0.33,2.67,0,0,66.18,4.67,0,31,10.67,2.67,0,0,33,1,1,"DENDEN303",2,1,766,54,52,0,1,0,0,0,0,0,0,1,0,1,0,2,0,1,1,0,0,0,0,0,0,1,0,6,"RETIRED",0,0,0,1,0,"UNMARRIED",1,1,0,0,0,1,0,0,0,0,0,0,1,1,0,0,29.99,0,0,NA,0,0.265298515558243,0.307262569832402,0.286280542695323,0,6
"12",1005222,71.24,485.75,84.99,0,0,0,-90.75,0,0.67,0.67,27,0,0,19.46,4.67,0,39.33,16.33,1.33,0,0,36,1,1,"PHXPHX602",3,3,112,62,62,1,1,0,0,0,0,0,0,1,0,0,1,0,0,1,1,1,1,0,0,0,0,0,0,1,"PROFESSIONAL",0,0,1,0,2,"UNKNOWN",1,1,0,0,1,1,0,0,1,0,0,0,7,0,0,0,129.99,0,1,1,1,0.231737956404686,0.254716981132075,0.243227468768381,0,7
"13",1005242,39.16,427,44.99,0,11,0,47,11.24,2.67,5.33,33,1,0,14.88,4.33,0,93.33,40.33,8,0,0.33,32,1,1,"SANCRP512",2,2,872,50,50,1,1,0,0,0,0,0,0,1,0,0,1,0,0,0,0,0,0,0,0,0,0,0,0,0,"NONE",0,1,0,0,3,"UNKNOWN",0,0,0,1,1,1,0,0,0,1,0,0,9,0,0,0,29.99,0,1,0,0,0.338679701089859,0.307692307692308,0.323186004391083,1,4
"14",1006344,38.54,253.25,34.99,0.25,0,0,4.75,0.43,1,4.33,15,0.67,0,21.41,29,0,39.33,40.33,5.33,0,0.33,31,2,1,"MIADFD954",1,1,949,28,54,0,0,0,1,0,0,0,0,3,0,0,0,0,0,0,0,0,0,0,0,0,0,0,0,0,"NONE",0,0,0,1,0,"UNMARRIED",0,0,0,0,0,0,0,0,0,0,0,0,7,0,0,1,0,0,1,1,1,0.351019710302353,0.307692307692308,0.32935600899733,1,4
"15",1006554,56.65,275,29.99,2.23,69.25,0.2,-129,-25.67,2,2.33,14.67,0,0,186.89,5.33,1.33,124,26.33,4.33,0,1.67,37,2,1,"MIABON941",3,3,324,50,70,1,1,0,0,0,0,0,0,1,0,0,1,0,0,1,1,0,1,0,0,0,0,0,0,1,"PROFESSIONAL",0,0,1,0,2,"UNKNOWN",1,1,0,0,0,1,0,0,1,0,0,0,7,0,3,0,29.99,0,0,NA,0,0.322482913732529,0.254716981132075,0.288599947432302,0,7
"16",1007061,10.2,78.25,10,0,0,0.2,-0.25,0.59,0,0.33,3.67,0,0,29.37,5.67,1,13,19.67,0.33,0,0,35,2,2,"DALFTW817",1,1,1045,46,0,0,0,0,1,0,0,0,0,3,0,1,0,2,0,0,1,1,0,1,0,0,0,0,0,2,"CLERICAL",0,0,0,1,0,"UNMARRIED",0,0,0,0,0,1,0,0,0,0,0,0,6,1,0,1,0,0,1,1,1,0.351019710302353,0.307262569832402,0.329141140067378,1,6
"17",1007661,34.99,75,44.99,0,0,0,-12,0,0,0,0,0,0,6.42,1,0,13,3.33,0,0,0.33,33,1,1,"NYCSUF516",1,1,991,36,32,1,1,0,0,0,0,0,0,1,0,1,0,2,0,1,0,0,0,0,0,0,0,0,0,0,"NONE",0,0,1,0,2,"UNKNOWN",1,1,0,0,0,1,0,0,1,0,0,0,7,0,0,1,0,0,1,0,0,0.28929391503334,0.307262569832402,0.298278242432871,0,6
"18",1008094,30,139.25,30,0,0,0,23.75,0,3,0.67,24.67,0,0,26.53,1,1,37.33,21,3.67,0,0.33,32,1,1,"APCSIL301",1,1,983,38,36,0,1,0,0,0,0,0,0,1,0,0,0,0,0,1,1,0,0,0,0,0,0,0,0,0,"NONE",0,1,0,0,3,"UNKNOWN",0,0,0,0,0,1,0,0,1,0,0,0,9,0,0,1,0,0,1,1,1,0.351019710302353,0.307692307692308,0.32935600899733,1,4
"19",1008542,60.24,950.5,59.99,0,5,0,16.5,-4.25,0.33,29.33,15.33,7,0,37.96,10,0,116.67,61,29.67,0,0,32,1,1,"OHICIN513",3,3,132,38,82,1,1,0,0,0,0,0,0,1,0,1,0,2,1,1,0,0,1,0,0,0,0,0,0,1,"PROFESSIONAL",0,0,0,1,0,"UNMARRIED",1,1,1,1,1,1,0,0,0,1,0,0,6,0,2,0,149.99,0,1,0,0,0.379929006099701,0.188679245283019,0.28430412569136,0,10
"20",1010207,76.69,654,59.99,3.22,0,23.49,-66,-1.38,16,7.33,55.67,0.33,0,130.13,37,1,128.33,50.33,23.33,0,3,34,1,1,"SANSAN210",4,3,73,0,0,0,1,0,0,0,0,0,0,1,0,0,0,0,0,1,0,0,0,0,0,0,0,0,0,0,"NONE",1,1,0,0,3,"UNKNOWN",0,0,0,0,0,0,0,0,0,0,0,1,0,0,0,0,29.99,0,0,NA,0,0.237854212522507,0.307692307692308,0.272773260107407,0,4
"21",1011117,53.19,295,49.99,0,8,0,-112,-3.2,3.67,0,5,0,0,130.38,2.33,0,24,17,3.67,0,0,30,1,1,"SFRSMO650",2,2,801,0,0,0,1,0,0,0,0,0,0,1,0,0,1,0,0,1,0,0,0,0,0,0,0,0,0,0,"NONE",1,1,0,0,3,"UNKNOWN",0,0,0,0,0,0,0,0,1,0,0,1,0,0,0,0,9.99,0,1,1,1,0.179938942193985,0.307692307692308,0.243815624943146,0,4
"22",1011520,31.24,165.5,39.99,0,0,0,-3.5,-1.25,1.67,3.67,5.33,0,0.67,26.52,13.67,1.33,32.33,39.67,5.33,0,0.67,33,1,1,"KCYKCK913",3,2,110,38,34,1,0,0,1,0,0,0,0,3,0,0,0,0,0,1,0,0,0,0,1,0,0,0,0,3,"CRAFT",0,0,1,0,2,"UNKNOWN",0,0,0,0,1,1,0,0,0,1,0,0,7,0,0,0,29.99,0,0,NA,0,0.243372857570648,0.307692307692308,0.275532582631478,0,4
"23",1012569,45.45,343.5,30,0.99,24.5,1.02,-13.5,-10.39,7,4,45.33,0,0.33,52.35,9.67,6,68.67,41.67,11,0,0.33,28,1,1,"FLNJAC904",2,2,411,52,52,0,1,0,0,0,0,0,0,1,0,1,0,2,0,1,1,1,0,0,0,0,0,0,0,0,"NONE",0,0,1,0,2,"UNKNOWN",1,1,0,0,0,1,0,0,0,1,0,0,9,0,0,0,9.99,0,0,NA,0,0.205759882926941,0.307262569832402,0.256511226379672,0,6
"24",1013445,51.82,185.5,29.99,0.74,60.25,0,-46.5,-21.83,2,0.33,8,0,0,5.72,4,0.67,45,5.67,2.33,0,0,32,2,1,"PHITRT609",1,1,949,44,0,0,0,0,1,0,0,0,0,3,0,0,1,0,0,1,0,0,1,0,0,0,0,0,0,1,"PROFESSIONAL",0,0,0,1,0,"UNMARRIED",1,1,0,0,0,1,0,0,0,1,0,0,7,0,0,1,0,0,1,1,1,0.265923291444778,0.254716981132075,0.260320136288427,0,7
"25",1014654,88.5,920,49.99,1.98,108,0,-34,-13.43,9,0.67,19.33,0,0.67,255.25,37,5,135.33,78,9.67,0,4,31,2,1,"LAXIRV949",2,2,445,0,0,0,0,0,0,0,1,0,0,5,0,0,0,3,0,1,0,0,0,0,0,0,0,0,0,0,"NONE",0,0,0,1,0,"UNMARRIED",0,0,0,0,0,1,0,0,0,0,0,0,7,0,0,0,29.99,0,0,NA,0,0.202638685703278,0.307692307692308,0.255165496697793,0,4
"26",1015976,53.17,468.25,59.99,0.74,0,0,-80.25,4.11,5.33,0.67,34.67,0,0,96.38,73.67,11,67.67,158.67,6,0,1,26,2,2,"LAXBUR818",2,2,153,0,0,0,0,0,0,0,1,0,0,5,0,0,0,0,0,1,0,0,0,0,0,0,0,0,0,0,"NONE",1,1,0,0,3,"UNKNOWN",0,0,0,0,0,0,0,0,0,0,0,1,0,0,0,0,29.99,0,1,0,0,0.179938942193985,0.307692307692308,0.243815624943146,0,4
"27",1016288,51.89,389,56.98,0,10.25,0,-37,-4.91,5.67,4,14,0.33,0,79.12,39,12,96.67,49.33,10.67,0,0.67,26,1,1,"KCYKCM816",6,6,40,38,0,0,0,0,1,0,0,0,0,3,0,0,1,0,1,1,0,0,1,0,0,0,0,0,0,1,"PROFESSIONAL",0,0,0,1,0,"UNMARRIED",0,0,0,0,0,1,0,0,1,0,0,0,7,0,0,0,129.99,0,1,0,0,0.345773905515671,0.435294117647059,0.390534011581365,1,2
"28",1016691,50.45,160.75,50,0,0,0,22.25,-0.45,2,4,4.33,0,0,12.06,7.33,0,16.33,8,6,0,0,24,1,1,"LOUFRK502",1,1,718,72,60,0,0,0,0,1,0,0,0,4,0,0,0,3,0,0,1,0,0,0,0,0,0,1,0,6,"RETIRED",0,0,1,0,2,"UNKNOWN",1,1,0,0,1,1,0,0,0,0,0,0,6,0,0,1,0,0,0,NA,0,0.356671720743179,0.254716981132075,0.305694350937627,1,7
"29",1017718,71.47,210.75,29.99,0,102,3.49,-204.75,-39.89,4.33,6,1.67,0,0,75.42,4,0,42.67,18.33,10.33,0,0,23,1,1,"OHICOV606",1,1,704,0,0,0,1,0,0,0,0,0,0,1,0,1,0,2,0,1,0,0,0,0,0,0,0,0,0,0,"NONE",1,1,0,0,3,"UNKNOWN",0,0,0,0,0,0,0,0,1,0,0,1,0,0,0,1,0,0,1,1,1,0.436273336410522,0.307262569832402,0.371767953121462,1,6
"30",1018621,58.71,535.5,50,2.23,6.75,0,-162.5,-2.73,2,3.33,21.33,0,0,162.34,50.33,16.33,130,107,5.33,0,1,23,1,1,"DALDAL214",3,2,184,0,0,0,0,0,0,0,1,0,0,5,0,0,0,0,0,1,0,0,0,0,1,0,0,0,0,3,"CRAFT",0,0,0,1,0,"UNMARRIED",0,0,0,0,0,1,0,0,1,0,0,0,7,0,0,0,29.99,0,0,NA,0,0.179938942193985,0.307692307692308,0.243815624943146,0,4
"31",1018884,30.24,21.5,29.99,0.25,0,0,-4.5,-0.25,0.67,0,0.33,0,0,1.33,1.67,0,4.33,1.67,0.67,0,0,25,1,1,"LAXLAG949",2,1,753,42,0,0,0,1,0,0,0,0,0,2,0,0,0,0,0,1,0,0,0,0,0,0,0,0,0,0,"NONE",0,0,1,0,2,"UNKNOWN",1,1,0,0,0,1,0,0,0,0,0,0,9,0,0,0,29.99,0,0,NA,0,0.321031332015991,0.254716981132075,0.287874156574033,0,7
"32",1019020,61.59,339.25,55,0,36.5,0,42.75,-11.6,1,6.67,20.33,0,0,2.43,6,0.33,36.67,28.67,7.67,0,0,23,2,1,"MIAFTM941",4,2,409,52,30,0,0,1,0,0,0,0,0,2,0,0,0,0,0,1,1,0,0,0,0,0,0,0,0,0,"NONE",0,0,0,1,0,"UNMARRIED",0,0,0,0,0,1,0,0,0,0,0,0,4,0,0,0,29.99,0,0,NA,0,0.338679701089859,0.307692307692308,0.323186004391083,1,4
"33",1019216,43.29,244,42.49,0,1,0.17,80,-0.8,0.67,0.33,13.33,0,0,28.41,14.33,4.67,45,12.33,1,0,0,23,2,2,"ATLMEM901",1,1,688,36,30,1,0,1,0,0,0,0,0,2,0,1,0,2,0,0,1,0,0,0,0,0,0,0,0,0,"NONE",0,0,1,0,2,"UNKNOWN",1,1,0,0,0,1,0,0,0,0,0,0,5,0,0,1,0,0,1,1,1,0.292733490467072,0.307262569832402,0.299998030149737,0,6
"34",1019865,35.45,78.25,29.99,0,0,2.21,-13.25,-1.82,3.67,0.33,24,1,0,5.55,3.33,0,13.67,20.33,4,0,0,26,1,1,"APCBAL410",3,3,159,54,50,0,0,0,0,1,0,0,0,4,0,1,0,2,0,1,1,0,0,1,0,0,0,0,0,2,"CLERICAL",0,0,0,1,0,"UNMARRIED",1,1,0,0,1,1,1,0,0,0,0,0,5,0,0,0,39.99,1,0,NA,0,0.268096804618835,0.307262569832402,0.287679687225619,0,6
"35",1021213,19.99,55.25,19.99,0,0,0,7.75,0,0.67,0,20.67,0,0,0,1,0,16,1.33,0.67,0,0,24,1,1,"SEAEVE425",1,1,726,58,54,0,0,1,0,0,0,0,0,2,1,0,0,1,0,0,0,0,1,0,0,0,0,0,0,1,"PROFESSIONAL",0,0,1,0,2,"UNKNOWN",1,1,0,1,1,1,0,0,0,0,0,0,6,0,0,1,0,0,1,0,0,0.292733490467072,0.307692307692308,0.30021289907969,1,5
"36",1021287,6.5,1.5,5,0,1.5,0,-1.5,-1.5,0.33,0,0,0,0,0,0,0,0,1.33,0.33,0,0,28,1,1,"MIADEL561",1,1,832,44,0,1,0,1,0,0,0,0,0,2,0,1,0,2,0,0,1,1,1,0,0,0,0,0,0,1,"PROFESSIONAL",0,1,0,0,3,"UNKNOWN",0,0,0,0,1,1,1,1,1,0,0,0,7,0,0,1,0,1,1,1,1,0.308740019798279,0.307262569832402,0.308001294815341,1,6
"37",1022063,45.69,246,44.99,0,26.75,0,-109,-10.7,5.33,0.67,7,0,0,39.89,6.67,2.67,18.67,28.67,6,0,0,26,1,1,"APCBAL410",1,1,761,0,0,0,0,0,1,0,0,0,0,3,0,1,0,2,0,1,0,0,0,0,0,0,0,0,0,0,"NONE",1,1,0,0,3,"UNKNOWN",0,0,0,0,0,0,0,0,0,0,0,1,0,0,0,1,0,0,0,NA,0,0.458950638771057,0.307262569832402,0.38310660430173,1,6
"38",1022205,83.94,885.25,75,6.19,11,0,434.75,13.94,0,0,0,0,0,0,0,0,0,0,0,0,0,25,1,1,"LAXIRV949",3,3,406,0,0,0,0,0,0,0,1,0,0,5,0,0,0,0,0,0,0,0,0,0,0,0,0,0,0,0,"NONE",0,1,0,0,3,"UNKNOWN",0,0,0,0,0,1,0,0,0,0,0,0,9,0,1,0,9.99,0,1,0,0,0.193536430597305,0.307692307692308,0.250614369144807,0,4
"39",1022644,54.87,634,59.99,0,16.25,0,15,4.73,15,0.67,61.67,0,0,160.99,33.33,1.67,208.67,87.67,15.67,0,5.67,25,1,1,"LAXANA714",1,1,753,48,46,1,0,1,0,0,0,0,0,2,0,1,0,2,0,1,0,0,1,0,0,0,0,0,0,1,"PROFESSIONAL",0,0,1,0,2,"UNKNOWN",1,1,0,0,0,1,0,0,0,0,0,0,3,0,0,1,0,0,1,1,1,0.213966026902199,0.307262569832402,0.260614298367301,0,6
"40",1022792,9.13,7.75,7.5,0,7.25,0,16.25,4.13,1.33,0,1.33,0,0,2.28,1.67,0,2.33,1,1.33,0,0,23,1,1,"APCBAL410",1,1,704,40,54,0,0,0,0,0,0,1,0,6,0,1,0,2,1,1,1,0,0,0,0,0,0,0,0,0,"NONE",0,0,0,1,0,"UNMARRIED",1,1,0,0,0,1,0,0,0,0,0,0,5,0,1,1,0,0,0,NA,0,0.419362962245941,0.435294117647059,0.4273285399465,1,2
"41",1023749,101.88,455.5,99.99,0.99,0,0,39.5,-0.9,5.33,0,12,0,0.33,17.49,7.33,0,155.67,10,5.33,0,0.33,21,1,1,"BOSFRA508",1,1,629,40,42,1,0,1,0,0,0,0,0,2,0,0,1,0,0,1,0,0,1,0,0,0,0,0,0,1,"PROFESSIONAL",0,0,1,0,2,"UNKNOWN",0,1,1,1,0,1,0,0,0,0,0,0,9,0,0,1,0,0,0,NA,0,0.317480534315109,0.307692307692308,0.312586421003708,1,4
"42",1024220,102,702,70,3.96,98.75,0,342,45.18,2.67,9.33,29.33,2,0.67,274.39,44,2.33,112,104,12,0,1.67,25,1,1,"INDIND317",3,3,82,24,0,0,0,1,0,0,0,0,0,2,0,1,0,2,0,1,0,0,0,0,0,0,0,0,0,0,"NONE",1,0,0,1,0,"UNMARRIED",0,0,0,0,0,1,0,0,0,0,0,0,3,0,0,0,199.99,0,1,1,1,0.453831911087036,0.205882352941176,0.329857132014106,1,9
"43",1024903,77.9,531.75,69.99,0,1,13.5,-175.75,-3.42,1.33,4.33,8.67,0,0,260.93,7.67,0,41.33,42.67,5.67,0,2,26,1,1,"DALDAL214",1,1,784,0,0,0,0,0,0,0,1,0,0,5,0,0,1,0,0,1,0,0,0,0,0,0,0,0,0,0,"NONE",1,1,0,0,3,"UNKNOWN",0,0,0,0,0,0,0,0,1,0,0,1,0,0,0,1,0,0,1,1,1,0.571600377559662,0.307692307692308,0.439646342625985,1,4
"44",1025320,31.93,75,8.01,0,20,1.65,35,25.32,0.33,0,3.67,1,0,12.48,1,0,19,6.33,0.33,0,0.33,20,2,1,"FLNTAL850",3,2,274,32,0,0,0,0,1,0,0,0,0,3,0,0,0,0,0,1,0,0,0,0,1,0,0,0,0,3,"CRAFT",0,0,0,1,0,"UNMARRIED",0,0,0,0,0,1,1,1,0,0,0,0,3,0,1,0,99.99,1,1,1,1,0.353553771972656,0.307692307692308,0.330623039832482,1,4
"45",1026067,10.5,272.25,10,0.5,0,0,-100.25,-0.5,0,0.67,10,0,0,64.36,23.33,26.33,121,23,0.67,0,0,26,5,5,"NMXELP915",3,3,379,42,0,0,0,1,0,0,0,0,0,2,0,0,0,0,0,1,1,0,0,0,0,0,0,0,0,0,"NONE",0,0,0,1,0,"UNMARRIED",0,0,0,0,0,1,0,0,1,0,0,0,7,1,0,0,79.99,0,0,NA,0,0.515743732452393,0.307692307692308,0.41171802007235,1,4
"46",1026237,50.24,249.25,49.99,0.25,0,0,-78.25,-0.25,1,1,15.67,0,0,29.11,6.67,0.33,27,29.33,2,0,0.33,22,1,1,"NNYALB518",1,1,662,28,0,0,0,1,0,0,0,0,0,2,0,0,0,3,0,1,0,0,0,0,0,0,0,0,0,0,"NONE",1,1,0,0,3,"UNKNOWN",0,0,0,0,0,0,0,0,0,1,0,0,3,0,0,1,0,0,1,1,1,0.321296334266663,0.307692307692308,0.314494320979485,1,4
"47",1026446,NA,NA,NA,NA,NA,NA,NA,NA,0,0,0,0,0,0,0,0,0,0,0,0,0,26,2,2,"LAXLAX213",2,2,481,0,0,0,0,0,0,0,1,0,0,5,0,0,0,0,1,1,0,0,0,0,0,0,0,0,0,0,"NONE",0,0,0,1,0,"UNMARRIED",0,0,0,0,0,0,0,0,0,0,0,0,1,0,0,0,29.99,0,1,1,1,0.44704470038414,0.435294117647059,0.441169409015599,1,2
"48",1026823,50.45,278.75,50,0,0,0,-62.75,-0.45,4.67,12,18,0,0,5.13,14.67,1,79,36.67,16.67,0,0,20,1,1,"OHIMED330",2,2,311,34,28,0,0,0,1,0,0,0,0,3,0,0,1,3,1,1,1,0,0,0,0,0,0,0,0,0,"NONE",0,0,1,0,2,"UNKNOWN",0,0,0,0,0,1,0,0,0,0,1,0,6,0,0,0,149.99,0,1,1,1,0.416419059038162,0.435294117647059,0.425856588342611,1,2
"49",1026906,95.94,531.5,63.54,0.99,0,0,-39.5,-45.48,4,7.33,34.67,0.33,0,54.09,65,2,105.33,76.67,11.33,0,0,20,1,1,"ATLATL678",2,2,75,34,0,0,0,1,0,0,0,0,0,2,0,1,0,2,0,1,0,0,0,0,0,0,0,0,0,0,"NONE",0,0,0,1,0,"UNMARRIED",0,0,0,0,0,1,0,0,0,0,0,0,6,0,1,0,79.99,0,1,0,0,0.205759882926941,0.307262569832402,0.256511226379672,0,6
"50",1027056,30.26,57.75,29.99,0,0,0,-45.75,-0.27,0.67,0.67,29,0,0,5.43,7.33,1.67,30,9.67,1.33,0,0,19,2,2,"STLSTL314",1,1,592,36,38,0,0,0,1,0,0,0,0,3,1,0,0,1,1,0,1,1,1,0,0,0,0,0,0,1,"PROFESSIONAL",0,0,1,0,2,"UNKNOWN",1,1,0,0,0,1,0,0,0,1,0,0,6,0,0,1,0,0,1,1,1,0.465306341648102,0.307692307692308,0.386499324670205,1,5
"51",1028245,22.36,23.25,15,0,13.25,0,1.75,-1.01,0,0,2,0,0,0.85,0,0,4,2.67,0,0,0,25,1,1,"APCBAL410",1,1,750,50,50,1,1,0,0,0,0,0,0,1,0,1,0,2,1,1,1,0,0,0,1,0,0,0,0,3,"CRAFT",0,0,1,0,2,"UNKNOWN",1,1,0,0,0,1,0,0,0,0,0,0,6,0,0,1,0,0,1,1,1,0.46119898557663,0.435294117647059,0.448246551611844,1,2
"52",1028552,90.86,507.5,30,0,172.5,0.48,210.5,70.4,2,4,25.67,0,0,89.03,21.67,0,138.33,24,6,0,1.67,23,1,1,"INDMUN765",1,1,687,54,54,0,0,1,0,0,0,0,0,2,0,0,1,0,0,1,0,0,0,0,0,0,0,0,0,0,"NONE",0,0,1,0,2,"UNKNOWN",0,0,0,0,0,1,0,0,0,0,0,0,4,0,0,1,0,0,1,1,1,0.560943186283112,0.307692307692308,0.43431774698771,1,4
"53",1030289,75.14,1113.75,32.49,0,161.25,0.88,-531.75,-36.02,10.67,2.67,39.67,0,0.33,455.24,39,52.67,191.67,388.67,13.33,0,16.67,23,2,2,"MINMIN612",1,1,680,46,38,1,0,1,0,0,0,0,0,2,0,1,0,2,0,1,1,1,0,0,0,0,0,0,0,0,"NONE",0,0,1,0,2,"UNKNOWN",1,1,0,0,0,1,0,0,0,0,0,0,9,0,0,1,0,0,1,1,1,0.379122257232666,0.307262569832402,0.343192413532534,1,6
"54",1030838,42.56,222.75,30,0,35,0,-176.75,-12.56,7.67,0.67,45.33,0.33,0,33.01,15,5,61,36.67,8.33,0,0,19,1,1,"BOSBOS978",1,1,570,28,0,0,0,1,0,0,0,0,0,2,0,1,0,2,0,1,0,0,0,0,0,0,0,0,0,0,"NONE",0,0,1,0,2,"UNKNOWN",0,0,0,0,0,1,0,0,0,0,0,0,7,0,0,1,0,0,1,1,1,0.458950638771057,0.307262569832402,0.38310660430173,1,6
"55",1031197,30.5,55.25,30,0.5,0,0,-55.25,-0.5,0,0.67,3,0,0,14.54,2.67,6.33,8.67,11.67,0.67,0,0.33,23,2,2,"DALDAL214",1,1,677,22,0,0,0,1,0,0,0,0,0,2,0,0,0,0,0,0,1,0,0,0,0,0,0,0,0,0,"NONE",0,0,0,1,0,"UNMARRIED",0,0,0,0,0,1,0,0,0,0,0,0,6,0,0,1,0,0,1,1,1,0.38190945982933,0.307692307692308,0.344800883760819,1,4
"56",1031282,33.2,102.75,32.49,0,1.5,0,-23.75,-0.71,0.33,1.33,6,0,0,29.03,13.33,9.67,43.67,6.67,1.67,0,0,19,2,2,"SANGEO512",1,1,568,30,32,0,0,1,0,0,0,0,0,2,0,1,0,2,0,1,1,0,0,0,0,0,0,0,0,0,"NONE",0,0,1,0,2,"UNKNOWN",1,1,0,0,0,1,0,0,0,0,0,0,4,0,0,1,0,0,0,NA,0,0.265923291444778,0.307262569832402,0.28659293063859,0,6
"57",1031688,26.5,319.25,19.83,1.24,15.5,0,-106.25,-15.51,2,31.33,42,1.67,0,117.19,23.33,18.33,80.33,37.33,33.33,0,1,25,3,3,"CHINBK847",2,2,515,30,28,1,0,1,0,0,0,0,0,2,0,0,0,0,1,0,0,0,1,0,0,0,0,0,0,1,"PROFESSIONAL",0,0,1,0,2,"UNKNOWN",1,1,0,1,0,1,0,0,0,0,0,0,7,0,0,0,29.99,0,0,NA,0,0.406605929136276,0.188679245283019,0.297642587209648,0,10
"58",1031965,76.55,733.5,49.91,0.25,102.75,0,283.5,-36.56,9.67,5.33,30,1,0,115.33,109,14.67,93,100.67,15,0,1,21,1,1,"DALDAL214",2,2,265,28,0,0,0,0,1,0,0,0,0,3,0,0,0,0,0,1,0,0,0,0,0,0,0,0,0,0,"NONE",0,0,0,1,0,"UNMARRIED",0,0,0,0,0,1,0,0,0,1,1,0,6,0,0,0,29.99,0,0,NA,0,0.114744365215302,0.307692307692308,0.211218336453805,0,4
"59",1032098,30.27,278.75,30,0,0,0,-65.75,-0.27,4,4,20,7,0,74.34,17.67,37,70,59,8,0,0.67,19,1,1,"FLNJAC904",1,1,566,0,0,0,0,1,0,0,0,0,0,2,0,0,0,0,0,0,0,0,0,0,0,0,0,0,0,0,"NONE",1,1,0,0,3,"UNKNOWN",0,0,0,0,0,0,1,1,0,0,0,1,0,0,0,1,0,1,1,1,1,0.377356171607971,0.307692307692308,0.342524239650139,1,4
"60",1032137,59.99,241.75,59.99,0,0,0,40.25,0,1,0.67,0.67,0,0,127.95,11.67,8.67,24.67,17.33,1.67,0,0,25,3,3,"SANAUS512",1,1,734,60,52,1,0,1,0,0,0,0,0,2,0,0,1,0,0,1,1,0,1,0,0,0,0,0,0,1,"PROFESSIONAL",0,0,1,0,2,"UNKNOWN",1,1,0,0,0,1,0,0,0,0,0,0,9,0,0,1,0,0,0,NA,0,0.265298515558243,0.254716981132075,0.260007748345159,0,7
"61",1032698,51.73,238.75,50,1.73,0,0,85.25,-0.74,0.33,1.67,12.67,0,0,29.46,14,2,57.67,19.67,2,0,0,21,2,2,"ATLATL678",1,1,626,30,0,0,0,1,0,0,0,0,0,2,0,1,0,2,0,1,0,0,0,0,0,0,0,0,0,0,"NONE",0,0,0,1,0,"UNMARRIED",0,0,0,0,0,1,0,0,1,0,0,0,8,0,0,1,0,0,1,1,1,0.351019710302353,0.307262569832402,0.329141140067378,1,6
"62",1033293,40.55,330,32.49,0,14.5,0.99,80,17.2,7.33,0,47.33,0.33,0,31.2,21.33,2,119.67,68,7.33,0,0,20,2,2,"NYCBRO917",1,1,622,0,0,0,0,1,0,0,0,0,0,2,0,0,0,0,0,1,0,0,0,0,0,0,0,0,0,0,"NONE",0,1,0,0,3,"UNKNOWN",0,0,0,0,0,0,0,0,1,0,0,0,4,0,0,1,0,0,1,1,1,0.369262874126434,0.307692307692308,0.338477590909371,1,4
"63",1033554,30.57,233.25,30,0.25,0,0.32,10.75,0.71,1.67,1.33,19.33,0,0,5.55,2.33,0,62,26.33,3,0,0,24,1,1,"PHIMUL609",1,1,727,44,46,1,0,1,0,0,0,0,0,2,0,0,1,0,0,1,0,0,1,0,0,0,0,0,0,1,"PROFESSIONAL",0,0,1,0,2,"UNKNOWN",1,1,0,0,0,1,0,0,0,0,0,0,7,0,0,1,0,0,1,0,0,0.292733490467072,0.254716981132075,0.273725235799574,0,7
"64",1034755,35.72,143.5,29.99,0,0,2.02,-28.5,0.83,1,0,5.33,0,0,44.96,1.33,0,21,12,1,0,0,18,1,1,"PHIMUL609",1,1,545,52,44,1,0,0,1,0,0,0,0,3,0,0,1,0,0,1,0,0,1,0,0,0,0,0,0,1,"PROFESSIONAL",0,0,1,0,2,"UNKNOWN",1,1,0,0,0,1,0,0,0,0,0,0,6,0,0,1,0,0,1,0,0,0.31011363863945,0.254716981132075,0.282415309885763,0,7
"65",1034927,51.74,333,49.99,1.98,1.25,1.44,172,-2.75,2.33,0.33,38.33,1,0.33,15.68,14.67,3.67,61.33,45.67,2.67,0,0,18,1,1,"NYCNEW201",1,1,543,42,0,0,0,0,0,0,1,0,0,5,0,1,0,2,0,0,0,0,0,0,0,0,0,0,0,0,"NONE",0,1,0,0,3,"UNKNOWN",0,0,0,0,0,1,0,0,0,0,0,0,7,0,0,1,0,0,1,0,0,0.166019350290298,0.307262569832402,0.23664096006135,0,6
"66",1034933,10,662.25,10,0,0,0,-129.25,0,0,0,0,0,0,0,0,0,0,0,0,0,0,24,2,2,"HOUHOU281",2,2,162,58,46,0,0,1,0,0,0,0,0,2,0,0,0,0,0,1,0,0,0,0,0,0,0,0,0,0,"NONE",0,0,1,0,2,"UNKNOWN",1,1,0,0,1,1,0,0,0,0,0,0,9,0,0,0,79.99,0,0,NA,0,0.295276552438736,0.254716981132075,0.274996766785406,0,7
"67",1035431,61.37,633.5,44.99,0.74,73.25,0,-374.5,-26.38,6,13,27,0.33,0,143.77,49.33,19.33,75,110,19,0,2.33,20,2,1,"DALFTW817",2,2,391,46,46,1,0,0,0,0,0,1,0,6,0,1,0,2,0,1,1,1,0,0,0,0,0,0,0,0,"NONE",0,0,1,0,2,"UNKNOWN",1,1,0,0,0,1,0,0,0,0,0,0,8,0,0,0,59.99,0,0,NA,0,0.447571456432343,0.307262569832402,0.377417013132372,1,6
"68",1035685,62.26,692,54.98,4.7,0,0,100,6.07,21,17,124,2.67,0,68.73,59,6,153.67,194.33,38,0,0.67,18,1,1,"DALDAL214",1,1,533,48,42,0,0,0,0,0,1,0,0,5,0,0,0,0,0,1,1,0,0,0,0,0,0,0,0,0,"NONE",0,0,0,1,0,"UNMARRIED",0,0,0,0,0,1,0,0,0,0,0,0,5,0,0,1,0,0,0,NA,0,0.285591095685959,0.188679245283019,0.237135170484489,0,10
"69",1036747,77.45,538.5,50,0.74,77.75,0,313.5,63.1,1.67,3.33,21.67,0.33,0,72.78,46.33,4.33,113.33,24.67,5,0,0.33,19,1,1,"DALDAL214",1,1,583,38,0,0,0,1,0,0,0,0,0,2,0,1,0,2,0,1,0,0,0,0,0,0,0,0,0,0,"NONE",1,1,0,0,3,"UNKNOWN",0,0,0,0,0,0,0,0,0,0,0,1,0,0,0,1,0,0,1,0,0,0.463078320026398,0.307262569832402,0.3851704449294,1,6
"70",1037640,135.09,857.75,69.99,3.96,187.25,0,-135.75,-39.74,12.67,2.33,57.67,2.33,0,207.18,48.67,5.67,244.33,111,15,0,0,19,1,1,"NYCNEW201",3,2,162,0,0,0,0,0,0,0,1,0,0,5,0,0,0,0,0,1,0,0,0,0,0,0,0,0,0,0,"NONE",1,0,0,1,0,"UNMARRIED",0,0,0,0,0,1,0,0,0,0,0,0,6,0,0,0,29.99,0,1,0,0,0.185724809765816,0.307692307692308,0.246708558729062,0,4
"71",1038448,127.47,596.33,33.33,3.3,35.33,78.57,NA,NA,17.33,0.67,47,1.67,0.33,50.44,26.33,1,57,37.33,18,0,0,19,1,1,"MILWAU262",1,1,566,22,0,0,0,0,0,0,0,0,1,7,0,0,0,0,0,1,0,0,0,0,0,0,0,0,0,0,"NONE",1,0,0,1,0,"UNMARRIED",0,0,0,0,0,0,0,0,0,0,0,0,2,0,0,1,0,0,1,1,1,0.296380937099457,0.333333333333333,0.314857135216395,1,3
"72",1038466,50.58,341.25,34.11,0,50.5,0,251.75,39.9,3,6.33,28.67,2.33,0,80.55,9.33,0,87,49.67,9.33,0,0.67,21,1,1,"MINSTP612",1,1,611,0,0,0,0,0,1,0,0,0,0,3,0,0,1,0,0,1,1,0,0,0,0,0,0,0,0,0,"NONE",1,1,0,0,3,"UNKNOWN",0,0,0,0,0,0,0,0,1,0,0,0,7,0,0,1,0,0,0,NA,0,0.311014026403427,0.307692307692308,0.309353167047867,1,4
"73",1039342,50.5,356.75,50,0.5,0,0,-36.75,-0.5,3.67,2.67,12,0,0,52.41,24.33,9.67,88.33,23,6.33,0,1,18,1,1,"SANAUS512",1,1,555,32,30,1,1,0,0,0,0,0,0,1,0,0,0,0,0,1,1,1,0,0,0,0,0,0,1,7,"SELF-EMPLOYED",0,0,1,0,2,"UNKNOWN",1,1,0,1,0,1,0,0,0,0,0,0,9,1,0,1,0,0,0,NA,0,0.228487208485603,0.254716981132075,0.241602094808839,0,7
"74",1041791,60.53,779.5,79.91,0,0,0,-379.5,-0.54,1.67,6.33,25.67,0.67,0.33,17.47,9,8,35.67,64,8,0,0.67,15,3,2,"CHISPR217",1,1,469,36,28,0,0,1,0,0,0,0,0,2,0,0,1,0,0,1,0,0,1,0,0,0,0,0,0,1,"PROFESSIONAL",0,1,0,0,3,"UNKNOWN",0,0,0,0,1,1,0,0,0,0,0,0,5,0,0,1,0,0,1,0,0,0.477582424879074,0.307692307692308,0.392637366285691,1,4
"75",1042151,75.48,358.5,75,0.25,0,0.24,-229.5,-0.48,2.33,0.67,11.33,0,0.33,118.71,19.33,0,64.67,28,3,0,0,17,1,1,"SFRSMO650",1,1,528,72,0,0,0,1,0,0,0,0,0,2,0,0,0,0,0,1,0,0,0,0,0,0,0,1,0,6,"RETIRED",0,0,1,0,2,"UNKNOWN",0,1,0,0,0,1,0,0,0,0,0,0,5,0,0,1,0,0,1,1,1,0.231078445911407,0.307692307692308,0.269385376801858,0,4
"76",1042457,30,51.25,30,0,0,0,2.75,0,1,0,0,0,0,15.48,4,0.33,7,8.33,1,0,0,19,1,1,"NYCSUF516",1,1,571,56,52,1,0,1,0,0,0,0,0,2,0,1,0,2,0,1,0,0,1,0,0,0,0,0,0,1,"PROFESSIONAL",0,0,1,0,2,"UNKNOWN",1,1,0,0,1,1,0,0,0,0,0,0,6,0,0,1,0,0,0,NA,0,0.292733490467072,0.307262569832402,0.299998030149737,0,6
"77",1042696,265.8,1548,191,1.73,216.25,0.39,-546,-52.45,27.67,9,126.67,0,0.33,409.15,58.67,106,319.67,261,36.67,0,10,15,4,3,"DALFTW817",2,2,120,42,40,1,0,0,1,0,0,0,0,3,0,1,0,2,0,1,1,1,1,0,0,0,0,0,0,1,"PROFESSIONAL",0,0,1,0,2,"UNKNOWN",1,1,0,0,0,1,0,0,0,0,0,0,8,1,0,0,79.99,0,0,NA,0,0.187500804662704,0.188679245283019,0.188090024972862,0,10
"78",1043479,79.41,845.75,59.99,2.48,88,0,-92.75,-29.42,3.33,73.67,29.67,5.67,0.33,169.44,32,3.33,250.33,154,77,0,3.33,15,1,1,"CHILAG630",1,1,453,0,0,0,0,0,1,0,0,0,0,3,0,0,0,0,0,1,0,0,0,0,0,0,0,0,0,0,"NONE",1,1,0,0,3,"UNKNOWN",0,0,0,0,0,0,0,0,0,0,0,1,0,0,0,1,0,0,1,0,0,0.204452469944954,0.188679245283019,0.196565857613986,0,10
"79",1044060,42.32,144.5,33.38,0,0.5,0,120.5,-11.53,1.33,5,0.67,0,0.33,0.58,0.33,0,18.67,8.67,6.33,0,0,19,1,1,"LOULOU502",4,3,78,58,0,0,0,1,0,0,0,0,0,2,0,1,0,2,0,1,0,0,1,0,0,0,0,0,0,1,"PROFESSIONAL",0,0,0,1,0,"UNMARRIED",1,1,0,0,0,1,0,0,0,0,0,0,7,0,0,0,29.99,0,0,NA,0,0.116706363856792,0.307262569832402,0.211984466844597,0,6
"80",1044514,30,49.25,30,0,0,0,-42.25,0,1,0,3.67,0,0.67,7.92,14,1.67,20,9,1,0,0,21,1,1,"PHXGLE623",3,3,127,26,22,1,0,0,1,0,0,0,0,3,1,0,0,1,0,1,0,0,0,0,0,0,0,0,0,0,"NONE",0,0,1,0,2,"UNKNOWN",0,0,0,0,0,1,0,0,0,0,0,0,2,0,0,0,9.99,0,0,NA,0,0.270096957683563,0.307692307692308,0.288894632687935,0,5
"81",1044720,40.97,622.5,39.91,0,0,1.07,284.5,0.44,7.67,3,20.33,0,0,124.55,80,8,112,132.33,10.67,0,3,21,1,1,"CHICHI773",3,3,108,28,28,0,0,1,0,0,0,0,0,2,0,0,0,0,0,1,0,0,0,0,0,0,0,0,0,0,"NONE",0,0,0,1,0,"UNMARRIED",0,0,0,0,0,1,0,0,0,0,0,0,9,0,0,0,79.99,0,1,0,0,0.162620812654495,0.205882352941176,0.184251582797836,0,9
"82",1045590,47.49,226,59.99,0,0,0,0,0,3.33,4.33,32.33,0,0,3.06,11.33,0.67,74.33,20.67,7.67,0,0,20,2,2,"NCRRIC804",4,2,273,42,40,1,0,1,0,0,0,0,0,2,0,0,1,0,0,1,0,0,0,0,0,0,0,0,0,0,"NONE",0,0,1,0,2,"UNKNOWN",1,1,0,0,1,1,0,0,0,0,0,0,7,0,0,0,59.99,0,0,NA,0,0.472490638494492,0.254716981132075,0.363603809813284,1,7
"83",1045751,34.99,15.5,44.99,0,0,0,3.5,0,1.33,1,4,0,0,6.42,0.67,0,4.67,3.33,2.33,0,0,18,1,1,"PHIARD610",2,1,174,0,0,0,0,0,0,0,1,0,0,5,0,0,0,0,0,1,0,0,0,0,0,0,0,0,0,0,"NONE",1,1,0,0,3,"UNKNOWN",0,0,0,0,0,0,0,0,0,0,0,1,0,0,0,0,129.99,0,1,0,0,0.286777853965759,0.307692307692308,0.297235080829033,0,4
"84",1045819,38.05,1222,44.99,0,8.75,0,-162,-3.06,3.67,0.67,108.33,6.67,0,17.56,30,4,54.33,92,4.33,0,0.67,18,4,2,"LAXLAX323",2,2,342,58,50,1,0,1,0,0,0,0,0,2,0,0,0,0,0,1,0,0,0,0,0,0,0,0,0,0,"NONE",0,1,0,0,3,"UNKNOWN",1,1,0,0,1,1,0,0,0,0,0,0,5,0,0,0,9.99,0,0,NA,0,0.147818833589554,0.254716981132075,0.201267907360815,0,7
"85",1046939,46.81,353.5,39.99,5.94,2.5,0,-1.5,-0.35,4,0.33,18,0,0.33,34.34,29.67,4.33,63.67,76,4.33,0,1.33,16,1,1,"BOSBOS617",1,1,482,0,0,0,0,0,1,0,0,0,0,3,0,0,0,0,0,1,0,0,0,0,0,0,0,0,0,0,"NONE",1,1,0,0,3,"UNKNOWN",0,0,0,0,0,0,0,0,0,0,0,1,0,0,0,1,0,0,1,0,0,0.187014803290367,0.307692307692308,0.247353555491337,0,4
"86",1047415,50.59,214.75,59.99,0,0,0,38.25,-0.45,2,0.33,26.33,0,0,26.71,38.67,9.67,46.67,68,2.33,0,0,14,2,2,"PHXPHX602",1,1,415,24,0,0,0,1,0,0,0,0,0,2,0,0,0,0,0,1,1,0,0,0,1,0,0,0,0,3,"CRAFT",0,0,0,1,0,"UNMARRIED",0,0,0,0,0,1,0,0,0,0,0,0,3,0,0,1,0,0,0,NA,0,0.351019710302353,0.307692307692308,0.32935600899733,1,4
"87",1048185,32.18,262,29.99,0.25,5,0,-59,-2.19,2.33,0.33,27.33,0,0,65.08,14,3.33,39.33,44.67,2.67,0,0,17,1,1,"BOSNSH603",1,1,515,0,0,0,0,1,0,0,0,0,0,2,0,0,0,0,0,1,0,0,0,0,0,0,0,0,0,0,"NONE",1,1,0,0,3,"UNKNOWN",0,0,0,0,0,0,0,0,1,0,0,1,0,0,0,1,0,0,0,NA,0,0.292290717363358,0.307692307692308,0.299991512527833,0,4
"88",1048246,73.74,534.5,60.31,0.99,26.25,0,63.5,2.74,2,4.67,25,0,0,148.47,21.67,1,181,31.33,6.67,0,0.67,17,1,1,"DALFTW817",3,2,204,54,46,0,0,1,0,0,0,0,0,2,0,1,0,2,1,1,1,0,1,0,0,0,0,0,0,1,"PROFESSIONAL",0,0,1,0,2,"UNKNOWN",1,1,0,0,0,1,0,0,0,1,0,0,9,0,0,0,29.99,0,1,0,0,0.412620335817337,0.435294117647059,0.423957226732198,1,2
"89",1049453,27.77,52.25,29.99,0,0,0,10.75,-3.18,0,0,1.33,0,0,5.54,2.67,2.67,16,3.67,0,0,0,13,2,2,"HOUHOU281",1,1,396,0,0,0,1,0,0,0,0,0,0,1,0,0,0,0,0,1,0,0,0,0,0,0,0,0,0,0,"NONE",1,1,0,0,3,"UNKNOWN",0,0,0,0,0,0,0,0,0,0,0,1,0,0,0,1,0,0,1,0,0,0.406125485897064,0.307692307692308,0.356908896794686,1,4
"90",1049509,52.71,428.25,45.19,1.49,17.25,1.73,-219.25,-16.05,4.67,0,15.33,0,0.33,82.99,34.33,19.67,39,62.67,4.67,0,1,17,2,1,"BOSBOS617",2,2,310,54,54,0,1,0,0,0,0,0,0,1,0,0,0,0,0,1,0,0,0,0,0,0,0,0,0,0,"NONE",0,0,1,0,2,"UNKNOWN",1,1,0,0,0,1,0,0,1,0,0,0,7,0,0,0,149.99,0,1,0,0,0.353153824806213,0.254716981132075,0.303935402969144,1,7
"91",1049777,11.24,293.75,10,1.24,0,0,41.25,0.74,5.67,0,19,0,0,33.45,8,2,106,23.33,5.67,0,0.33,15,2,2,"LAXRIV909",1,1,455,44,0,0,0,1,0,0,0,0,0,2,0,1,0,2,0,1,0,0,0,1,0,0,0,0,0,2,"CLERICAL",0,0,0,1,0,"UNMARRIED",1,1,0,0,0,1,0,0,0,0,0,0,7,0,0,1,0,0,0,NA,0,0.252823084592819,0.307262569832402,0.280042827212611,0,6
"92",1050246,43.34,276,39.99,0,0,0.1,44,-0.1,0.67,2,4.33,0.67,0,57.96,10,0,53.33,46,2.67,0,0,19,1,1,"HOUHOU281",1,1,558,54,52,1,0,1,0,0,0,0,0,2,0,0,0,0,0,1,1,1,0,1,0,0,0,0,0,2,"CLERICAL",0,0,1,0,2,"UNKNOWN",1,1,0,0,1,1,0,0,0,0,0,0,5,0,0,1,0,0,1,0,0,0.265298515558243,0.254716981132075,0.260007748345159,0,7
"93",1050689,138.61,2195.5,84.99,0.99,237.5,0,-1345.5,-58.39,14.33,0.33,61.33,0,0.67,882.48,98,26,427.67,224.33,14.67,0,0,19,2,1,"NYCBRO917",2,1,290,56,52,1,0,1,0,0,0,0,0,2,0,0,0,0,0,1,0,0,0,0,1,0,0,0,0,3,"CRAFT",0,0,1,0,2,"UNKNOWN",0,0,0,0,0,1,0,0,0,0,0,0,5,0,0,0,199.99,0,1,1,1,0.100677967071533,0.25,0.175338983535767,0,8
"94",1050791,70.5,835.25,70.07,0,4.75,0,-319.25,-10.51,2.67,5,29,0.33,0,344.89,35,16.33,155.33,160,7.67,0,3.33,15,1,1,"MINMIN612",3,2,163,32,0,0,0,0,1,0,0,0,0,3,0,0,0,3,1,1,0,0,0,0,0,0,0,0,0,0,"NONE",1,1,0,0,3,"UNKNOWN",0,0,0,0,0,0,0,0,0,0,0,1,0,0,0,0,99.99,0,0,NA,0,0.469304829835892,0.435294117647059,0.452299473741475,1,2
"95",1050796,43.01,260.25,49.99,0,0,0,42.75,-0.77,4.33,0.33,18.67,0,0,34.69,8,4.67,86.67,3.33,4.67,0,0.33,13,2,2,"NEVLVS702",1,1,385,48,72,1,0,1,0,0,0,0,0,2,0,0,1,0,0,1,0,0,0,1,0,0,0,0,0,2,"CLERICAL",0,0,1,0,2,"UNKNOWN",1,1,0,0,1,1,0,0,0,0,0,0,3,0,0,1,0,0,1,0,0,0.265298515558243,0.254716981132075,0.260007748345159,0,7
"96",1050812,30.91,280.75,29.99,0.25,0,0,-68.75,-0.92,13.33,2,18.33,0,0.33,33.3,23,0.67,62.67,71.67,15.33,0,0.67,19,1,1,"SFROAK510",1,1,554,52,50,0,0,1,0,0,0,0,0,2,0,1,0,2,0,1,0,0,0,0,0,0,0,0,0,0,"NONE",0,0,1,0,2,"UNKNOWN",1,1,0,0,0,1,0,0,0,0,0,0,7,0,0,1,0,0,1,1,1,0.383181869983673,0.307262569832402,0.345222219908038,1,6
"97",1051752,58.26,916,49.99,0.25,11,0,45,-2.47,7.33,7.33,20.33,3.33,0,304.1,93.67,11.33,154.33,115.33,14.67,0,2,14,1,1,"DALFTW817",1,1,439,50,50,0,0,0,1,0,0,0,0,3,0,1,0,2,0,1,1,0,0,0,0,0,0,0,0,0,"NONE",0,0,1,0,2,"UNKNOWN",1,1,0,0,0,1,0,0,1,0,0,0,9,0,0,1,0,0,1,1,1,0.203804820775986,0.307262569832402,0.255533695304194,0,6
"98",1051991,64.19,1837,73.86,0,11,0.27,-130,-25.33,20,13,97,11.67,0.33,346,175.33,35.33,261.33,212,33,0,6.33,14,2,2,"HOUHOU281",2,2,210,26,0,0,0,1,0,0,0,0,0,2,0,0,1,0,1,1,0,0,0,0,0,0,0,0,0,0,"NONE",1,0,0,1,0,"UNMARRIED",0,0,0,0,0,0,0,0,0,0,0,0,5,0,0,0,149.99,0,1,1,1,0.114427417516708,0.188679245283019,0.151553331399864,0,10
"99",1052057,35.73,176,39.99,3.22,0,0.64,32,7.08,0.67,2.33,7.33,0,0,21.41,5.33,0.67,37.67,34,3,0,0,12,1,1,"OHIBER440",1,1,374,32,0,0,0,1,0,0,0,0,0,2,0,1,0,2,1,1,1,1,1,0,0,0,0,0,0,1,"PROFESSIONAL",0,0,1,0,2,"UNKNOWN",0,0,0,1,1,1,0,0,0,0,0,0,6,0,0,1,0,0,0,NA,0,0.553133070468903,0.435294117647059,0.494213594057981,1,2
"100",1053336,109.65,963.75,95.19,15.59,15.5,0,-285.75,-10.52,7.33,1,32,0,1,161.84,86.67,10,181,98.33,8.33,0,2.67,12,1,1,"LAXBEV310",1,1,363,54,56,0,0,1,0,0,0,0,0,2,0,0,0,0,0,1,0,0,1,0,0,0,0,0,0,1,"PROFESSIONAL",0,0,1,0,2,"UNKNOWN",1,1,0,0,0,1,0,0,0,0,0,0,9,0,0,1,0,0,1,0,0,0.270254671573639,0.254716981132075,0.262485826352857,0,7
"101",1054148,32.68,223.75,29.99,0.5,0,0,44.25,2.65,1.33,0,9.67,0.33,0,49.59,37,10.33,26,89.33,1.33,0,0.67,12,1,1,"NYCMAN917",1,1,356,38,26,0,0,0,1,0,0,0,0,3,0,0,0,0,0,1,0,0,1,0,0,0,0,0,0,1,"PROFESSIONAL",0,1,0,0,3,"UNKNOWN",0,1,1,1,1,1,0,0,0,0,0,0,9,0,0,1,0,0,0,NA,0,0.320598274469376,0.307692307692308,0.314145291080842,1,4
"102",1055762,57.86,1131.25,59.99,0.74,22.25,0,-77.25,-7.87,20.67,3,55.33,1.33,4,203.37,32.33,6.67,149.67,181.33,23.67,0,1,11,2,1,"NEVLVS702",1,1,345,0,0,0,1,0,0,0,0,0,0,1,0,1,0,2,0,1,0,0,0,0,0,0,0,0,0,0,"NONE",1,1,0,0,3,"UNKNOWN",0,0,0,0,0,0,0,0,0,0,0,1,0,0,0,1,0,0,1,0,0,0.112042106688023,0.307262569832402,0.209652338260212,0,6
"103",1056009,18.88,171.25,10,0.25,22,0,28.75,-5.39,1.33,0.67,7.33,0,0,28.89,4,5,28,6,2,0,0.33,11,2,2,"NOLKEN504",1,1,343,48,18,1,0,1,0,0,0,0,0,2,0,0,1,0,0,0,0,0,1,0,0,0,0,0,0,1,"PROFESSIONAL",0,1,0,0,3,"UNKNOWN",1,1,0,1,0,1,0,0,0,0,0,0,9,0,0,1,0,0,1,1,1,0.292733490467072,0.254716981132075,0.273725235799574,0,7
"104",1056211,32.6,214.75,35,1.49,0,0,-214.75,-108.84,10.33,2,21.33,0.33,0,34.31,8.33,2.33,47,30.67,12.33,0,0.33,11,1,1,"DALDAL214",1,1,341,20,18,0,0,0,0,1,0,0,0,4,0,0,1,0,0,1,0,0,0,0,0,0,0,0,0,0,"NONE",0,1,0,0,3,"UNKNOWN",1,1,0,0,0,1,0,0,0,0,0,0,5,0,0,1,0,0,0,NA,0,0.458950638771057,0.254716981132075,0.356833809951566,1,7
"105",1056474,44.45,181,39.99,0,0,15.7,-181,-15.96,0.67,2.67,5.67,0,0,61.04,30.33,3,33.33,34,3.33,0,0,11,2,2,"SANSAN210",2,1,229,56,50,0,0,0,1,0,0,0,0,3,0,1,0,2,0,1,0,0,0,0,0,0,0,0,0,0,"NONE",0,0,1,0,2,"UNKNOWN",0,0,0,0,0,1,0,0,1,0,0,0,6,0,0,0,29.99,0,1,1,1,0.526242315769196,0.307262569832402,0.416752442800799,1,6
"106",1056878,14.38,281.75,10,0,0,4.27,-62.75,-3.29,7.67,1.33,53,0,0.67,43.97,92.33,53.33,110.67,87,9,0,0,13,2,2,"NYCBRO917",2,2,19,34,0,0,0,1,0,0,0,0,0,2,0,0,0,3,0,1,1,0,0,0,0,0,0,0,0,0,"NONE",0,0,0,1,0,"UNMARRIED",0,0,0,0,0,1,0,0,1,0,0,0,4,0,0,0,59.99,0,1,0,0,0.429888337850571,0.307692307692308,0.368790322771439,1,4
"107",1057053,90.31,545.25,74.99,2.97,46.5,0,-545.25,-15.32,10,0.67,17.67,0,0,105.72,26.33,7.33,154,52,10.67,0,4.33,11,1,1,"APCBAL410",1,1,335,32,0,0,0,1,0,0,0,0,0,2,0,0,0,0,0,1,0,0,0,0,0,0,0,0,0,0,"NONE",0,1,0,0,3,"UNKNOWN",1,1,0,0,0,1,0,0,0,0,0,0,5,0,0,1,0,0,1,0,0,0.454237520694733,0.254716981132075,0.354477250913404,1,7
"108",1057216,39.07,733.25,44.99,0.74,9.25,0.1,-195.25,-3.03,0,0,0,0,0,0,0,0,0,0,0,0,0,13,1,1,"HARLON860",1,1,396,64,64,1,0,1,0,0,0,0,0,2,0,0,1,0,0,1,0,0,0,0,0,0,0,0,0,0,"NONE",0,0,1,0,2,"UNKNOWN",1,1,0,0,1,1,0,0,0,0,0,0,7,0,0,1,0,0,0,NA,0,0.455911040306091,0.254716981132075,0.355314010719083,1,7
"109",1057479,88.38,484.5,10,0.99,193.75,19.76,-56.5,-78.88,6.67,9.33,8.33,1.33,0,81.62,11.33,0.33,54.33,24.67,16,0,1,13,2,2,"ATLANE678",1,1,395,46,46,0,0,1,0,0,0,0,0,2,0,1,0,2,0,1,0,0,0,0,0,0,0,0,0,0,"NONE",0,1,0,0,3,"UNKNOWN",1,1,0,0,0,1,0,0,1,0,0,0,9,0,0,1,0,0,0,NA,0,0.412288337945938,0.307262569832402,0.35977545388917,1,6
"110",1057998,39.25,438.25,44.99,0,0,0.26,28.75,-0.26,7.33,3.33,22.67,0.67,0,52.4,14.67,10.67,32.33,60,10.67,0,0.33,15,2,2,"DETANN734",2,2,100,56,78,0,0,1,0,0,0,0,0,2,0,0,0,3,0,1,1,1,0,0,0,0,0,0,0,0,"NONE",0,0,0,1,0,"UNMARRIED",1,1,0,0,0,1,0,0,1,0,0,0,2,0,0,0,149.99,0,0,NA,0,0.228952080011368,0.254716981132075,0.241834530571722,0,7
"111",1059230,38.1,463.5,44.99,0.25,7.25,0,49.5,7.08,2,1.33,39.33,0.67,0.67,150.35,32.33,1.33,92.33,103.67,3.33,0,2.33,11,1,1,"OKCOKC405",2,2,205,0,0,0,0,0,0,0,1,0,0,5,1,0,0,1,0,1,0,0,0,0,0,0,0,0,0,0,"NONE",1,1,0,0,3,"UNKNOWN",0,0,0,0,0,0,0,0,0,1,0,1,0,0,0,0,29.99,0,0,NA,0,0.228391647338867,0.307692307692308,0.268041977515587,0,5
"112",1059335,36.23,444.5,44.99,1.24,0,0,206.5,-1.24,2,2,22.67,1,0,154.78,12.67,0.33,44.33,69.33,4,0,0.33,17,3,1,"FLNGAN352",2,2,54,24,0,0,1,0,0,0,0,0,0,1,0,0,0,0,0,1,0,0,0,0,0,0,0,0,0,0,"NONE",0,0,0,1,0,"UNMARRIED",0,0,0,0,0,1,0,0,0,0,0,0,5,0,0,0,29.99,0,1,0,0,0.0846094042062759,0.307692307692308,0.196150855949292,0,4
"113",1059711,30.25,110.75,30,0.25,0,0,-10.75,-0.25,5,1.33,7.67,0,0.33,5.28,14.33,0.33,20,59.67,6.33,0,0,15,1,1,"LAXBUR818",1,1,430,0,0,0,0,0,0,0,0,0,1,7,0,0,0,0,0,1,0,0,0,0,0,0,0,0,0,0,"NONE",1,1,0,0,3,"UNKNOWN",0,0,0,0,0,0,0,0,0,0,0,1,0,0,0,1,0,0,1,1,1,0.321296334266663,0.307692307692308,0.314494320979485,1,4
"114",1059849,65.15,1296.5,69.99,0,1.75,4.6,-129.5,2.36,24.67,0.33,55.67,1.33,4.33,510.22,141.33,59,121.33,254.67,25,0,14.33,17,2,2,"NNYBUF716",4,3,48,50,50,1,0,0,1,0,0,0,0,3,0,0,1,0,0,0,1,0,1,0,0,0,0,0,0,1,"PROFESSIONAL",0,0,1,0,2,"UNKNOWN",1,1,0,0,1,1,0,0,0,0,0,0,8,0,0,0,199.99,0,0,NA,0,0.475009560585022,0.205882352941176,0.340445956763099,1,9
"115",1060027,30.26,28.75,39.99,0,0,0,-1.75,-0.27,0.33,0,0.67,0,0,0,4,0,1,8,0.67,0,0,11,1,1,"NYCSUF516",1,1,320,0,0,0,0,0,0,0,1,0,0,5,0,1,0,2,0,1,0,0,0,0,0,0,0,0,0,0,"NONE",1,1,0,0,3,"UNKNOWN",0,0,0,0,0,0,0,0,0,0,0,1,0,0,0,1,0,0,1,1,1,0.268848478794098,0.307262569832402,0.28805552431325,0,6
"116",1060183,31.39,649.25,30,0,3,0,7.75,-1.39,10,2.67,21.33,3,0,313.44,23.33,24,50,103.67,12.67,0,3.67,13,2,2,"DALFTW817",1,1,381,46,44,1,0,1,0,0,0,0,0,2,0,0,1,0,0,1,1,1,0,0,0,0,0,0,0,0,"NONE",0,0,1,0,2,"UNKNOWN",0,0,0,0,0,1,0,0,0,0,0,0,6,0,0,1,0,0,0,NA,0,0.459377557039261,0.307692307692308,0.383534932365784,1,4
"117",1060293,59.02,435.75,59.99,0,18,0,440.25,8.03,0,1.33,8.67,0.33,0,184.53,9,8.67,74,41,1.33,0,0,13,3,2,"NMXTER915",1,1,381,32,0,1,0,1,0,0,0,0,0,2,0,0,0,0,0,1,0,0,0,0,0,0,0,0,0,0,"NONE",0,0,0,1,0,"UNMARRIED",0,0,0,0,0,1,0,0,1,0,0,0,4,0,0,1,0,0,1,0,0,0.15020839869976,0.307692307692308,0.228950353196034,0,4
"118",1061108,35.13,249,39.99,0,3.25,0,-52,-1.14,0.67,5.33,11,0,0,30.08,23.33,0.67,50,35.67,6,0,0,12,1,1,"INDIND317",1,1,376,0,0,0,0,1,0,0,0,0,0,2,0,1,0,2,0,1,0,0,0,0,0,0,0,0,0,0,"NONE",1,1,0,0,3,"UNKNOWN",0,0,0,0,0,0,0,0,0,0,0,1,0,0,0,1,0,0,0,NA,0,0.321296334266663,0.307262569832402,0.314279452049532,1,6
"119",1061902,88.4,1201.5,84.99,9.41,0,0,-162.5,-0.5,8,9.33,57,0.67,0,198.23,50.33,7.33,271.33,129.33,17.33,0,6,12,1,1,"SANAUS512",2,2,167,0,0,0,0,0,0,0,1,0,0,5,0,0,1,0,0,1,0,0,0,0,0,0,0,0,0,0,"NONE",1,1,0,0,3,"UNKNOWN",0,0,0,0,0,0,0,0,0,0,0,1,0,0,0,0,129.99,0,0,NA,0,0.112042106688023,0.205882352941176,0.1589622298146,0,9
"120",1062428,30.98,81.75,39.99,0.99,0,0,-46.75,-0.99,0,2.67,6.67,0,0,1.61,0.67,0,42.33,4.67,2.67,0,0,16,2,2,"OHIBER440",2,2,224,40,0,0,0,1,0,0,0,0,0,2,0,1,0,2,0,1,0,0,0,0,0,0,0,0,0,0,"NONE",0,0,0,1,0,"UNMARRIED",0,0,0,0,0,0,0,0,0,0,0,0,6,0,0,0,59.99,0,0,NA,0,0.29284143447876,0.307262569832402,0.300052002155581,1,6
"121",1062597,45.15,478,48.62,1.73,2,0,-275,-6.16,0.67,2.67,43,7,0,125.05,36.67,1,111.33,89.67,3.33,0,2,12,1,1,"FLNORL407",1,1,367,18,0,1,0,0,0,0,0,0,1,7,0,1,0,2,0,1,0,0,0,0,0,0,0,0,0,0,"NONE",1,0,0,1,0,"UNMARRIED",0,0,0,0,0,0,0,0,0,0,0,0,8,0,0,1,0,0,1,0,0,0.231078445911407,0.307262569832402,0.269170507871905,0,6
"122",1062979,77.67,845.25,69.99,0,81.5,0,57.75,24.03,4.67,2,24.33,0,0,277.01,27.67,4.33,125.33,88,6.67,0,3,12,2,2,"HOUCON409",1,1,365,56,54,1,0,1,0,0,0,0,0,2,0,0,1,0,0,1,1,1,0,0,0,0,0,0,0,0,"NONE",0,0,1,0,2,"UNKNOWN",0,0,0,0,1,1,0,0,0,0,1,0,9,0,0,1,0,0,0,NA,0,0.402425587177277,0.307692307692308,0.355058947434792,1,4
"123",1063147,32.52,427,39.99,0.74,0.5,0,-35,-1.54,1,2.67,35,8,0,33.32,14.33,0,66,60.33,3.67,0,0,12,1,1,"MIAWPB561",1,1,364,44,34,0,0,1,0,0,0,0,0,2,0,0,0,0,0,1,1,0,0,0,0,0,0,0,0,0,"NONE",0,1,0,0,3,"UNKNOWN",0,0,0,0,0,1,0,0,0,0,0,0,3,0,0,1,0,0,0,NA,0,0.228487208485603,0.307692307692308,0.268089758088956,0,4
"124",1063173,47.77,358,40.07,0,8.75,0,-52,-2.61,5.67,0.67,34.33,0.67,0.67,69.4,23.67,4.67,42,64.33,7.67,0,0,14,1,1,"NYCBRO917",1,1,410,0,0,0,0,0,0,0,0,0,1,7,0,0,0,0,0,1,0,0,0,0,0,0,0,0,0,0,"NONE",1,1,0,0,3,"UNKNOWN",0,0,0,0,0,1,0,0,0,0,0,0,7,0,0,1,0,0,1,0,0,0.228487208485603,0.307692307692308,0.268089758088956,0,4
"125",1063865,43.23,529.75,54.91,0,0,0,-123.75,-43.23,6.33,0,19.67,0.67,0,58.57,37.67,11.33,107.33,117.33,6.33,0,1.67,16,2,2,"NYCBRO917",1,1,467,40,38,0,0,1,0,0,0,0,0,2,0,0,0,0,0,1,1,0,0,0,0,0,0,0,0,0,"NONE",0,0,1,0,2,"UNKNOWN",0,0,0,0,0,1,0,0,0,0,1,0,5,0,0,1,0,0,0,NA,0,0.200534299015999,0.307692307692308,0.254113303354153,0,4
"126",1064640,29.99,206.25,39.99,0,0,0,30.75,0,1.67,0,7.33,0,0,0,1.67,0,19.67,12.67,1.67,0,0,14,1,1,"DETPON248",1,1,402,62,62,0,0,1,0,0,0,0,0,2,0,1,0,2,0,1,0,0,0,0,0,0,0,0,0,0,"NONE",0,0,0,1,0,"UNMARRIED",1,1,0,0,0,1,0,0,0,0,0,0,7,0,0,1,0,0,0,NA,0,0.292733490467072,0.307262569832402,0.299998030149737,0,6
"127",1065042,61.42,527.25,39.99,3.71,69,0,-131.25,-8.59,0,0,0,0,0,0,0,0,0,0,0,0,0,14,1,1,"HOUHOU281",1,1,400,40,42,1,0,0,1,0,0,0,0,3,0,1,0,2,0,1,1,1,0,0,0,0,0,0,0,0,"NONE",0,1,0,0,3,"UNKNOWN",0,0,0,0,0,1,0,0,0,0,0,0,7,0,0,1,0,0,0,NA,0,0.487637519836426,0.307262569832402,0.397450044834414,1,6
"128",1065542,39.97,226,44.99,2.48,0,0,-61,-39.97,2.67,0,8.33,0,0,7.73,3.67,0,49.67,6.33,2.67,0,0,16,1,1,"AIRASH828",2,2,330,42,84,0,0,1,0,0,0,0,0,2,0,1,0,2,0,1,0,0,0,0,0,0,0,0,0,0,"NONE",0,1,0,0,3,"UNKNOWN",1,1,0,0,0,0,1,0,0,0,0,0,4,0,0,0,149.99,1,1,1,1,0.240633636713028,0.307262569832402,0.273948103272715,0,6
"129",1065665,52.91,551.5,40.07,1.49,37.75,0.16,-53.5,-11.93,10.33,0,9.67,0,0,128.6,69.67,9,173.67,97.33,10.33,0,0,16,1,1,"NYCBRO917",2,2,73,0,0,0,0,1,0,0,0,0,0,2,0,0,0,0,0,1,0,0,0,0,0,0,0,0,0,0,"NONE",1,1,0,0,3,"UNKNOWN",0,0,0,0,0,0,0,0,0,0,0,1,0,0,0,0,149.99,0,0,NA,0,0.212757244706154,0.307692307692308,0.260224776199231,0,4
"130",1065707,73.63,411.25,44.99,0,79.25,0,-0.25,-5.44,6,5.67,34.67,0,0,126.28,24.67,1.67,86.67,45.33,11.67,0,1.67,12,2,1,"FLNTAL850",2,2,218,32,0,0,0,1,0,0,0,0,0,2,0,0,0,0,0,1,0,0,0,0,0,0,0,0,0,0,"NONE",1,0,1,0,2,"UNKNOWN",0,0,0,0,0,0,0,0,1,0,0,0,7,0,0,0,199.99,0,0,NA,0,0.331576704978943,0.205882352941176,0.26872952896006,0,9
"131",1066260,30.36,31.5,39.99,0,0,0.1,0.5,-0.37,0,0,0,0,0,0,0,0,0,0,0,0,0,9,1,1,"BOSWOR508",1,1,284,24,0,0,0,1,0,0,0,0,0,2,0,0,0,0,0,1,0,0,0,0,0,0,0,0,0,0,"NONE",0,1,0,0,3,"UNKNOWN",0,0,0,0,0,1,0,0,1,0,0,0,6,0,0,1,0,0,0,NA,0,0.486980885267258,0.307692307692308,0.397336596479783,1,4
"132",1066289,22,220.75,37.41,0.74,0,0.1,-156.75,-2.33,2,15,49.33,7,1,27.41,4,0,97.33,32.67,17,0,1,11,2,2,"MIANDA305",1,1,346,40,40,0,0,0,0,0,0,1,0,6,0,0,0,0,0,1,0,0,0,0,0,0,0,0,0,0,"NONE",0,0,1,0,2,"UNKNOWN",1,1,0,0,0,1,0,0,0,0,0,0,6,0,0,1,0,0,1,1,1,0.550301790237427,0.254716981132075,0.402509385684751,1,7
"133",1066295,87.18,959.75,84.99,8.17,0,0,68.25,3.69,33.33,2.33,20.67,1,0.33,32.19,39,5,81,33,36.67,0,0.67,11,4,1,"NEVPOW619",3,3,9,0,0,0,1,0,0,0,0,0,0,1,0,0,0,0,1,1,0,0,0,0,0,0,0,0,0,0,"NONE",1,1,0,0,3,"UNKNOWN",0,0,0,0,0,0,1,0,0,0,0,1,0,0,0,0,129.99,1,1,1,1,0.250035643577576,0.435294117647059,0.342664880612317,1,2
"134",1066890,31.23,77.25,39.99,1.24,0,0,-39.25,-1.24,0,0,0,0,0,0,0,0,0,0,0,0,0,11,1,1,"DETFLI810",1,1,342,52,22,0,0,1,0,0,0,0,0,2,1,0,0,1,0,1,1,1,0,0,0,0,0,0,0,0,"NONE",0,0,0,1,0,"UNMARRIED",0,0,0,0,0,1,0,0,0,0,0,0,4,0,0,1,0,0,1,1,1,0.362570315599442,0.307692307692308,0.335131311645875,1,5
"135",1067267,34.81,1178.25,36.69,0.5,5.5,0,-310.25,-36.32,15.67,0.67,89,5.67,2,416.44,106.33,41,195,271.33,16.33,0,2.33,15,1,1,"SFRSFR415",2,2,161,22,0,0,0,0,0,1,0,0,0,4,0,1,0,2,0,1,0,0,0,0,0,0,0,0,0,0,"NONE",1,1,0,0,3,"UNKNOWN",0,0,0,0,0,1,0,0,0,0,1,0,1,0,0,0,149.99,0,0,NA,0,0.148757845163345,0.205882352941176,0.177320099052261,0,9
"136",1067462,10,46.5,10,0,0,0,-41.5,0,0,0,0,0,0,0,0,0,0,0,0,0,0,15,5,5,"OHIBER440",1,1,440,60,54,0,1,0,0,0,0,0,0,1,0,1,0,2,0,1,0,0,1,0,0,0,0,0,0,1,"PROFESSIONAL",0,0,1,0,2,"UNKNOWN",1,1,0,1,1,1,0,0,1,0,0,0,7,0,0,1,0,0,0,NA,0,0.346956044435501,0.307262569832402,0.327109307133952,1,6
"137",1067466,81.71,995.25,89.99,0.25,55,0.16,338.75,-0.48,40.67,2.33,73.67,2.33,0.33,226.95,23,0,238.67,107,43,0,5,13,1,1,"APCBAL410",1,1,383,38,42,0,0,0,0,0,1,0,0,5,0,1,0,2,0,1,1,1,0,0,0,0,0,0,0,0,"NONE",0,0,1,0,2,"UNKNOWN",0,0,0,0,0,1,0,0,0,0,0,0,6,0,0,1,0,0,0,NA,0,0.244423821568489,0.307262569832402,0.275843195700446,0,6
"138",1068147,159.6,1270,59.99,0.74,362.75,0,-188,-16.25,31.67,28,49.33,9,0,393.24,231.33,57.67,228,195,59.67,0,4,13,1,1,"CHIRCK815",2,2,63,56,0,1,0,0,0,0,1,0,0,5,0,0,0,0,0,1,0,0,0,0,0,0,0,0,0,0,"NONE",1,1,0,0,3,"UNKNOWN",0,0,0,0,0,0,0,0,0,0,0,0,2,0,0,0,149.99,0,0,NA,0,0.152293249964714,0.188679245283019,0.170486247623866,0,10
"139",1068922,69.65,291,55.15,0,0,0,125,-26.46,0.67,1.33,13.33,0,0,0.33,0,0,3.67,14.67,2,0,0,9,1,1,"FLNJAC904",2,1,35,0,0,0,0,0,1,0,0,0,0,3,0,1,0,2,0,1,0,0,0,0,0,0,0,0,0,0,"NONE",1,1,0,0,3,"UNKNOWN",0,0,0,0,0,0,0,0,0,0,0,1,0,0,0,0,129.99,0,1,0,0,0.11247269064188,0.307262569832402,0.209867630237141,0,6
"140",1070317,29.99,70.5,39.99,0,0,0,-14.5,0,0,0,0,0,0,0,0,0,0,0,0,0,0,12,1,1,"APCFCH703",1,1,364,36,36,1,0,1,0,0,0,0,0,2,0,1,0,2,0,1,0,0,0,0,0,0,0,0,0,0,"NONE",0,0,1,0,2,"UNKNOWN",0,0,0,0,1,1,0,0,0,0,0,0,8,0,0,1,0,0,1,1,1,0.347231507301331,0.307262569832402,0.327247038566866,1,6
"141",1070425,103.25,486.75,39.99,1.98,171.75,0,-486.75,-63.26,0,0,0,0,0,0,0,0,0,0,0,0,0,10,1,1,"PHICHC215",1,1,317,52,42,0,0,1,0,0,0,0,0,2,0,1,0,2,0,1,0,0,0,1,0,0,0,0,0,2,"CLERICAL",0,0,1,0,2,"UNKNOWN",1,1,0,0,0,1,0,0,0,0,0,0,7,0,0,1,0,0,1,1,1,0.513795673847198,0.307262569832402,0.4105291218398,1,6
"142",1070543,31.56,440.25,39.99,0.5,1.25,0.64,29.75,2.74,9.33,3.67,18,5.67,0,17.57,5.33,0,35,27.33,13,0,0.33,10,1,1,"AIRASH828",2,2,34,34,54,0,0,1,0,0,0,0,0,2,1,0,0,1,1,1,0,0,1,0,0,0,0,0,0,1,"PROFESSIONAL",0,0,1,0,2,"UNKNOWN",1,1,0,0,0,1,0,0,0,0,0,0,4,0,0,0,59.99,0,1,1,1,0.461315602064133,0.307692307692308,0.38450395487822,1,5
"143",1070553,35.95,561.5,44.99,0,2.75,0,-448.5,-0.96,0,0,0,0,0,0,0,0,0,0,0,0,0,10,1,1,"PHIPHI215",1,1,316,36,20,1,0,1,0,0,0,0,0,2,0,1,0,2,0,1,0,0,1,0,0,0,0,0,0,1,"PROFESSIONAL",0,0,1,0,2,"UNKNOWN",1,1,0,0,0,0,0,0,1,0,0,0,8,0,0,1,0,0,1,0,0,0.546923637390137,0.307262569832402,0.42709310361127,1,6
"144",1070647,34.2,107.75,39.99,0,0.25,0.1,67.25,-0.21,0,0,0,0,0,0,0,0,0,0,0,0,0,10,2,2,"LOULEX606",1,1,316,42,42,1,0,1,0,0,0,0,0,2,0,0,1,0,0,1,0,0,0,0,0,0,0,0,0,0,"NONE",0,0,0,1,0,"UNMARRIED",1,1,0,1,0,1,0,0,0,1,0,0,4,0,0,1,0,0,0,NA,0,0.420755356550217,0.254716981132075,0.337736168841146,1,7
"145",1070901,62.28,323,35.15,0,101,0.16,-309,-62.28,0.33,5.67,7.33,1.33,0,14.34,5,2,21,14.67,6.33,0,0.33,12,2,2,"OHICOL614",1,1,360,56,32,0,0,1,0,0,0,0,0,2,0,0,1,0,0,1,1,0,0,0,0,0,0,0,0,0,"NONE",0,1,0,0,3,"UNKNOWN",1,1,0,0,0,1,0,0,0,0,0,0,6,0,0,1,0,0,1,1,1,0.312371551990509,0.254716981132075,0.283544266561292,0,7
"146",1072301,35.5,1077.5,44.99,0.25,0.75,0,-245.5,0.83,0,0,0,0,0,0,0,0,0,0,0,0,0,14,1,1,"MILMIL414",1,1,413,0,0,0,0,1,0,0,0,0,0,2,0,0,1,0,0,1,0,0,0,0,0,0,0,0,0,0,"NONE",1,1,0,0,3,"UNKNOWN",0,0,0,0,0,0,0,0,0,0,0,1,0,0,0,1,0,0,1,0,0,0.224008992314339,0.307692307692308,0.265850650003323,0,4
"147",1072671,39.03,1424,48.78,0.25,0,0,552,0.96,0,0,0,0,0,0,0,0,0,0,0,0,0,10,1,1,"FLNCLR813",1,1,303,52,52,0,0,1,0,0,0,0,0,2,0,0,0,0,0,1,0,0,1,0,0,0,0,0,0,1,"PROFESSIONAL",0,0,1,0,2,"UNKNOWN",1,1,0,0,1,1,0,0,0,0,0,0,8,0,0,1,0,0,0,NA,0,0.140576645731926,0.254716981132075,0.197646813432001,0,7
"148",1072886,34.59,0,42.09,0,0,0,0,-46.21,0,0,0,0,0,0,0,0,0,0,0,0,0,12,4,2,"SANSAN210",1,1,348,0,0,0,1,0,0,0,0,0,0,1,0,0,0,0,0,0,0,0,0,0,0,0,0,0,0,0,"NONE",1,1,0,0,3,"UNKNOWN",0,0,0,0,0,0,0,0,0,0,0,1,0,0,0,1,0,0,1,1,1,0.535531997680664,0.307692307692308,0.421612152686486,1,4
"149",1073014,39.64,325.75,44.26,0,2.75,4.3,-162.75,-7.56,0.67,1,8.67,1.33,0,28.96,11.33,3.67,24.67,28,1.67,0,0.33,12,1,1,"OMADES515",1,1,348,0,0,0,0,0,0,1,0,0,0,4,0,0,0,0,0,1,0,0,0,0,0,0,0,0,0,0,"NONE",1,1,0,0,3,"UNKNOWN",0,0,0,0,0,0,0,0,0,0,0,0,1,0,0,1,0,0,1,1,1,0.284996181726456,0.307692307692308,0.296344244709382,0,4
"150",1073041,30.98,203.75,39.99,0.99,0,0,103.25,-0.99,0,0,0,0,0,0,0,0,0,0,0,0,0,10,1,1,"DETTOL419",1,1,301,36,34,0,0,1,0,0,0,0,0,2,0,1,0,2,0,1,0,0,0,0,0,0,0,0,0,0,"NONE",0,1,0,0,3,"UNKNOWN",1,1,0,0,0,1,0,0,0,0,0,0,8,0,0,1,0,0,0,NA,0,0.124699719250202,0.307262569832402,0.215981144541302,0,6
"151",1074354,22.86,44.75,27.86,0,0,0,-44.75,-50.91,2,1.33,8.67,1,0,14.27,0,0,24.33,6,3.33,0,0,14,1,1,"NMXELP915",1,1,402,0,0,0,0,0,1,0,0,0,0,3,0,0,0,0,0,1,0,0,0,0,0,0,0,0,0,0,"NONE",0,1,0,0,3,"UNKNOWN",0,0,0,0,0,1,0,0,0,0,0,0,6,0,0,1,0,0,0,NA,0,0.38190945982933,0.307692307692308,0.344800883760819,1,4
"152",1074419,35.17,1364.25,44.99,0,0.5,0,-115.25,-0.18,0,0,0,0,0,0,0,0,0,0,0,0,0,12,1,1,"DALFTW817",1,1,340,0,0,0,0,0,1,0,0,0,0,3,0,0,0,0,0,1,0,0,0,0,0,0,0,0,0,0,"NONE",1,1,0,0,3,"UNKNOWN",0,0,0,0,0,0,0,0,1,0,0,1,0,0,0,1,0,0,1,1,1,0.194163352251053,0.307692307692308,0.25092782997168,0,4
"153",1074533,104.27,910,85.61,2.48,26.25,3.09,-36,71.19,6.33,16,52.67,4.67,0,361.94,35,72.67,341,175.67,22.33,0,13.67,14,1,1,"KCYWIC316",2,2,0,0,0,0,0,0,0,1,0,0,0,4,0,0,0,0,0,0,0,0,0,0,0,0,0,0,0,0,"NONE",1,1,0,0,3,"UNKNOWN",0,0,0,0,0,0,0,0,0,0,0,0,3,0,0,0,129.99,0,1,1,1,0.34695702791214,0.205882352941176,0.276419690426658,0,9
"154",1074687,122.91,1834.75,59.99,2.48,230.5,0,-72.75,-71.54,6.67,0.67,116,5.67,2.33,517.07,102.67,23.67,185.33,199.33,7.33,0,4.33,12,3,2,"DETDET313",2,1,339,42,0,0,0,0,0,1,0,0,0,4,0,0,0,0,0,1,0,0,1,0,0,0,0,0,0,1,"PROFESSIONAL",0,0,1,0,2,"UNKNOWN",1,1,0,0,0,1,0,0,0,0,0,0,4,0,0,0,149.99,0,1,0,0,0.277781188488007,0.205882352941176,0.241831770714592,0,9
"155",1075320,11.09,102.75,10,0.99,0.25,0,35.25,-1.09,0.33,0,7,0,0,3.05,9.67,3.33,8.33,29.33,0.33,0,0,9,2,2,"SFRSFR415",1,1,288,34,0,0,0,1,0,0,0,0,0,2,0,1,0,2,0,1,0,0,1,0,0,0,0,0,0,1,"PROFESSIONAL",0,0,1,0,2,"UNKNOWN",1,1,0,0,1,1,0,0,0,0,0,0,9,0,0,1,0,0,1,0,0,0.292733490467072,0.307262569832402,0.299998030149737,0,6
"156",1075393,44.99,120.5,54.99,0,0,0,107.5,0,1.67,0,6.33,0,0,0.05,0,0,17.33,9.67,1.67,0,0,14,1,1,"SEASEA206",1,1,397,34,0,0,0,1,0,0,0,0,0,2,0,0,0,0,0,1,0,0,0,0,0,0,0,0,0,0,"NONE",0,0,1,0,2,"UNKNOWN",0,0,0,0,0,1,0,0,0,0,0,0,9,0,0,1,0,0,1,1,1,0.128429770469666,0.307692307692308,0.218061039080987,0,4
"157",1076747,32.76,168.25,47.49,0,0,0,25.75,-2.77,1.67,0.67,7,0,0.33,25.35,8.67,0,34.33,15.67,2.33,0,0,7,1,1,"MIAFTM941",1,1,222,0,0,0,0,0,0,1,0,0,0,4,0,0,1,0,0,1,0,0,0,0,0,0,0,0,0,0,"NONE",0,0,0,1,0,"UNMARRIED",1,1,0,0,0,1,0,0,0,0,0,0,6,0,0,1,0,0,0,NA,0,0.292733490467072,0.254716981132075,0.273725235799574,0,7
"158",1077179,53.61,386.5,44.99,0.25,52.5,0,90.5,25.13,5,0,9.67,0.33,0,168.8,9.67,0,95.67,26,5,0,0.67,11,1,1,"LAXSJC949",1,1,328,0,0,0,0,0,1,0,0,0,0,3,0,1,0,2,0,1,0,0,0,0,0,0,0,0,0,0,"NONE",1,1,0,0,3,"UNKNOWN",0,0,0,0,0,0,0,0,0,0,0,1,0,0,0,1,0,0,0,NA,1,0.420581459999084,0.307262569832402,0.363922014915743,1,6
"159",1080418,26.24,210.5,29.99,0,0,0,248.5,8.75,0.67,0,7.67,1.67,0,1.85,2.33,0,11,3.33,0.67,0,0,13,1,1,"NNYALB518",2,2,319,40,38,0,0,0,0,1,0,0,0,4,0,1,0,2,0,1,0,0,1,0,0,0,0,0,0,1,"PROFESSIONAL",0,0,1,0,2,"UNKNOWN",0,0,0,0,0,1,0,0,0,0,0,0,5,0,0,0,99.99,0,0,NA,0,0.114182062447071,0.307262569832402,0.210722316139737,0,6
"160",1080745,35.31,1482.5,44.99,0,0,0,-18.5,-0.32,16,7.33,92.33,44.67,1,446.3,60.67,98.33,94.67,214,23.33,0,8.33,13,1,1,"SANTEM254",2,2,375,0,0,0,0,0,0,0,0,0,1,7,0,0,1,3,0,1,0,0,0,0,0,0,0,0,0,0,"NONE",1,1,0,0,3,"UNKNOWN",0,0,0,0,0,0,0,0,0,0,1,1,0,0,0,0,79.99,0,0,NA,1,0.164057865738869,0.205882352941176,0.184970109340023,0,9
"161",1080828,14.95,257.25,10,4.95,0,0,34.75,0,3.67,0.33,8.33,0,0,18.1,15,4.33,64,26.67,4,0,0,9,2,2,"SFRSFR415",1,1,269,54,30,1,0,1,0,0,0,0,0,2,0,0,0,0,0,1,0,0,0,0,0,0,0,0,0,0,"NONE",0,1,0,0,3,"UNKNOWN",0,0,0,0,0,1,0,0,0,0,0,0,8,0,0,1,0,0,0,NA,0,0.351019710302353,0.307692307692308,0.32935600899733,1,4
"162",1081058,101.78,1080.25,51.33,1.73,148.5,0.1,-493.25,-56.41,8.67,0.33,26.67,4.67,1,231.05,22.67,0.67,105.33,82.33,9,0,2,9,1,1,"DETDET313",1,1,268,50,0,1,0,0,0,0,1,0,0,5,0,0,0,3,0,1,0,0,0,0,0,0,0,0,0,0,"NONE",0,0,0,1,0,"UNMARRIED",1,1,0,0,0,1,0,0,0,0,0,0,4,0,0,1,0,0,1,0,0,0.16947303712368,0.254716981132075,0.212095009127878,0,7
"163",1081794,47.25,530.75,49.99,0.25,4.5,0,-106.75,28.2,1.67,3,12.67,8,1,0.22,9,0,38.33,29.33,4.67,0,0,7,1,1,"KCYWIC316",1,1,204,58,58,0,0,1,0,0,0,0,0,2,0,1,0,2,0,1,0,0,1,0,0,0,0,0,0,1,"PROFESSIONAL",0,0,1,0,2,"UNKNOWN",1,1,0,0,1,1,0,0,0,0,0,0,6,0,0,1,0,0,0,NA,0,0.256408363580704,0.307262569832402,0.281835466706553,0,6
"164",1082195,31.52,390,39.99,0,0,1.53,-2,-0.75,4,11,63.33,0.33,0,134.52,22,1.33,44.67,88,15,0,0.33,9,1,1,"CHIRCK815",1,1,265,52,0,0,0,1,0,0,0,0,0,2,0,0,1,3,0,1,0,0,0,0,0,0,0,0,0,0,"NONE",0,0,1,0,2,"UNKNOWN",0,0,0,0,0,1,0,0,0,0,0,0,4,0,0,1,0,0,0,NA,0,0.246522888541222,0.307692307692308,0.277107598116765,0,4
"165",1083107,44.77,452.5,44.99,0,16.5,0,214.5,11.38,6,1.33,37.67,0,0,76.19,17.67,7,85.67,73.33,7.33,0,0.67,9,1,1,"SEWPAS509",2,2,244,32,26,0,0,0,0,0,1,0,0,5,0,0,0,0,1,1,0,0,0,0,0,0,0,0,0,0,"NONE",0,1,0,0,3,"UNKNOWN",0,0,0,0,0,1,0,0,0,0,0,0,4,0,0,0,149.99,0,0,NA,0,0.0953281596302986,0.435294117647059,0.265311138638679,0,2
"166",1084359,41.71,1031.25,47.49,0.25,18.5,0,-95.25,1.68,7,0,12.33,6.67,0,346.53,30.33,9,79.33,77.67,7,0,2,9,1,1,"LAXSAN714",1,1,259,0,0,0,0,1,0,0,0,0,0,2,0,0,0,3,0,1,0,0,0,0,0,0,0,0,0,0,"NONE",1,1,0,0,3,"UNKNOWN",0,0,0,0,0,0,0,0,0,0,1,1,0,0,0,1,0,0,0,NA,0,0.127293542027473,0.307692307692308,0.217492924859891,0,4
"167",1084858,42.03,281.75,39.83,0.5,29.25,0,-78.75,-11.05,1,0,11.33,0.33,0,75.07,18.67,0.33,68.67,30.33,1,0,0,10,2,1,"SEAMTV360",1,1,303,32,28,0,0,1,0,0,0,0,0,2,0,0,1,0,0,1,0,0,0,0,0,0,0,0,0,0,"NONE",0,0,1,0,2,"UNKNOWN",0,0,0,0,0,1,0,0,0,0,0,0,6,0,0,1,0,0,0,NA,0,0.292290717363358,0.307692307692308,0.299991512527833,0,4
"168",1085906,60.24,233.75,69.99,0.25,0,0,16.25,-0.25,1.67,0,7.33,0,0,51.16,7,0.67,55.33,23,1.67,0,0.33,10,2,2,"SEAEVE425",1,1,297,74,0,0,0,1,0,0,0,0,0,2,0,0,0,0,0,1,0,0,0,0,0,0,0,0,0,0,"NONE",1,1,0,0,3,"UNKNOWN",0,0,0,0,0,1,0,0,0,0,0,0,8,0,0,1,0,0,0,NA,0,0.320598274469376,0.307692307692308,0.314145291080842,1,4
"169",1087429,137.01,1818.75,62.44,0.74,289,0,263.25,121.07,41.67,5,255,9,0.33,291.56,132,40,494,483,46.67,0,10,10,2,1,"LAXMON323",1,1,289,0,0,0,0,0,0,0,0,0,1,7,0,0,0,0,0,1,0,0,0,0,0,0,0,0,0,0,"NONE",1,1,0,0,3,"UNKNOWN",0,0,0,0,0,0,0,0,0,0,0,1,0,0,0,1,0,0,1,0,0,0.132555246353149,0.188679245283019,0.160617245818084,0,10
"170",1087526,10,0,10,0,0,0,0,0,0,0,0,0,0,0,0,0,0,0,0,0,0,8,1,1,"PHXPHX602",2,2,220,0,0,0,0,0,0,0,1,0,0,5,0,0,1,3,0,1,0,0,0,0,0,0,0,0,0,0,"NONE",1,1,0,0,3,"UNKNOWN",0,0,0,0,0,0,1,0,0,0,0,1,0,0,0,0,149.99,1,1,0,0,0.393138319253922,0.307692307692308,0.350415313473115,1,4
"171",1087548,39.99,325.5,52.49,0,0,0,-35.5,-5,4.67,0.67,25,0.67,0,68.12,33.67,12.33,55,42.67,5.33,0,0.67,8,2,1,"NEVLVS702",1,1,242,60,0,0,0,0,1,0,0,0,0,3,0,1,0,2,0,1,0,0,0,0,0,0,0,0,0,0,"NONE",0,0,0,1,0,"UNMARRIED",0,0,0,0,0,1,0,0,0,0,0,0,7,0,0,1,0,0,0,NA,0,0.228487208485603,0.307262569832402,0.267874889159003,0,6
"172",1087804,40.24,0,50.24,0,0,0,0,-5.25,0,0,0,0,0,0,0,0,0,0,0,0,0,12,3,2,"NEVLVS702",1,1,346,0,0,0,0,0,0,1,0,0,0,4,0,0,0,0,0,1,0,0,0,0,0,0,0,0,0,0,"NONE",1,0,0,1,0,"UNMARRIED",0,0,0,0,0,0,0,0,1,0,0,0,4,0,0,1,0,0,1,1,1,0.535531997680664,0.307692307692308,0.421612152686486,1,4
"173",1088149,61.66,827.5,64.43,1.49,38.75,0.42,-300.5,-91.43,7,2.33,121,4.33,0,111.3,48.33,12,121.33,135.33,9.33,0,0,10,3,2,"NYCNEW201",2,2,44,0,0,0,1,0,0,0,0,0,0,1,0,0,0,0,0,1,0,0,0,0,0,0,0,0,0,0,"NONE",0,0,0,1,0,"UNMARRIED",0,0,0,0,0,1,0,0,0,0,0,0,4,0,0,0,129.99,0,0,NA,0,0.212757244706154,0.307692307692308,0.260224776199231,0,4
"174",1088284,145.1,1528,49.99,2.23,232.25,0,1044,94.45,33.33,0,4.67,25,0.67,228.87,230,58.33,327.67,302.33,33.33,0,0,10,1,1,"NYCBRO917",2,2,33,0,0,0,0,0,0,0,0,0,1,7,0,0,0,0,0,1,0,0,0,0,0,0,0,0,0,0,"NONE",1,1,0,0,3,"UNKNOWN",0,0,0,0,0,0,1,0,0,0,0,1,0,0,0,0,129.99,1,1,1,1,0.492640167474747,0.205882352941176,0.349261260207962,1,9
"175",1088310,10,472.5,10,0,0,0,403.5,0,4,0.67,9.67,0,0,315.61,3,18,27,19,4.67,0,0,10,2,2,"APCFCH703",1,1,279,0,0,0,0,1,0,0,0,0,0,2,0,1,0,2,0,1,0,0,0,0,0,0,0,0,0,0,"NONE",1,1,0,0,3,"UNKNOWN",0,0,0,0,0,0,0,0,0,0,0,1,0,0,0,1,0,0,1,0,0,0.215751811861992,0.307262569832402,0.261507190847197,0,6
"176",1088325,132.81,2817.5,109.99,0.25,70.25,0,253.5,1.65,43.33,5.33,97,6.33,4,950.51,155.33,190.67,363.33,357.33,48.67,0,1.33,12,1,1,"NYCQUE917",2,2,292,0,0,0,0,0,0,0,0,0,1,7,0,0,0,0,1,1,0,0,0,0,0,0,0,0,0,0,"NONE",1,0,0,1,0,"UNMARRIED",0,0,0,0,0,0,0,0,1,0,0,0,5,0,0,0,129.99,0,1,0,0,0.077649287879467,0.205882352941176,0.141765820410322,0,9
"177",1088663,65.49,1188,69.99,0,32.5,0,187,-9.1,15.67,0.33,60.33,46.67,0.67,297.77,46,0.67,202.33,196.33,16,0,2,10,1,1,"APCBAL410",1,1,275,42,36,1,0,0,1,0,0,0,0,3,0,0,0,0,0,1,0,0,0,0,0,0,0,0,0,0,"NONE",0,0,0,1,0,"UNMARRIED",1,1,0,0,0,1,0,0,1,0,0,0,6,0,0,1,0,0,0,NA,0,0.0578861422836781,0.254716981132075,0.156301561707877,0,7
"178",1089345,199.7,1926.5,59.99,6.93,376,0,-81.5,15.99,23,12,123,2.33,0.33,854.46,61,84.33,238,297.33,35,0,15,7,2,1,"HOUHOU281",2,2,139,34,30,1,0,0,0,1,0,0,0,4,0,0,0,0,0,1,1,0,0,0,0,0,0,0,0,0,"NONE",0,0,1,0,2,"UNKNOWN",1,1,0,0,0,1,0,0,0,0,0,0,3,0,0,0,129.99,0,1,0,0,0.11318913847208,0.25,0.18159456923604,0,8
"179",1089689,13.53,64.5,10,1.73,4.5,0,-62.5,-3.53,1.33,0,4.33,0,0,1.4,0.67,0.67,9.33,2,1.33,0,0,9,2,2,"LAXANA714",1,1,265,38,0,0,0,1,0,0,0,0,0,2,0,0,0,3,0,1,0,0,0,0,0,0,0,0,0,0,"NONE",0,0,1,0,2,"UNKNOWN",0,0,0,0,0,0,0,0,0,0,0,0,7,0,0,1,0,0,0,NA,0,0.38190945982933,0.307692307692308,0.344800883760819,1,4
"180",1090899,10,10,10,0,0,0,1,0,0.33,0,2,0,0,0.02,3,0,1.67,2,0.33,0,0,7,5,4,"DALFTW817",1,1,208,42,44,0,1,0,0,0,0,0,0,1,0,1,0,2,0,1,0,0,0,0,0,0,0,0,0,0,"NONE",0,0,1,0,2,"UNKNOWN",0,0,0,0,1,1,0,0,0,0,0,0,6,0,0,1,0,0,1,0,0,0.396491944789886,0.307262569832402,0.351877257311144,1,6
"181",1091560,68.92,501.5,71.12,0,38.25,0,-180.5,-8.81,1,11,2.67,5.33,0,11.78,6.33,6.33,34,33,12,0,0,7,2,2,"OHICIN513",1,1,201,30,26,1,1,0,0,0,0,0,0,1,0,1,0,2,0,1,1,0,0,0,0,0,0,0,0,0,"NONE",0,0,1,0,2,"UNKNOWN",0,0,0,0,0,1,0,0,0,1,0,0,4,0,0,1,0,0,1,0,0,0.478216290473938,0.307262569832402,0.39273943015317,1,6
"182",1091710,61.13,697.25,61.24,0,24.5,2.59,569.75,28.06,16,1.33,136.67,3.67,0.33,177.53,64.33,12.33,119.67,175.67,17.33,0,0,7,1,1,"AIRMYR843",1,1,200,20,18,0,0,0,0,1,0,0,0,4,0,0,1,0,0,1,0,0,0,0,0,0,0,0,0,0,"NONE",1,1,0,0,3,"UNKNOWN",0,0,0,0,0,0,0,0,0,1,0,1,0,0,0,1,0,0,1,0,0,0.190447941422462,0.307692307692308,0.249070124557385,0,4
"183",1091961,35.59,183.5,38.44,1.24,0,0,-38.5,3.4,1,0,16,1,0,22.6,15.67,8,35.67,65.33,1,0,0,11,1,1,"NYCBRO917",1,1,304,30,0,0,0,0,0,1,0,0,0,4,0,0,0,0,0,1,0,0,0,0,0,0,0,0,1,7,"SELF-EMPLOYED",0,0,0,1,0,"UNMARRIED",0,0,0,1,1,1,0,0,0,0,0,0,6,0,0,1,0,0,0,NA,0,0.321296334266663,0.307692307692308,0.314494320979485,1,4
"184",1091968,66.04,1143.75,59.99,3.22,18.25,0.29,534.25,-7.1,12.33,33.67,82.33,8,0.33,227.58,57,9.33,100,229,46,0,5,7,1,1,"PITHOM412",1,1,197,28,0,0,0,0,0,0,1,0,0,5,0,1,0,2,0,1,0,0,0,0,0,0,0,0,0,0,"NONE",0,0,0,1,0,"UNMARRIED",0,0,0,0,0,1,0,0,0,0,0,0,5,0,0,1,0,0,0,NA,0,0.113020665943623,0.188679245283019,0.150849955613321,0,10
"185",1092073,35.48,317.25,44.99,0,1.25,0,146.75,0.29,4.33,0,51,6.67,0.67,54.52,11,0,33.33,42.33,4.33,0,0,6,1,1,"LAXONT909",1,1,196,0,0,1,0,0,0,0,0,0,1,7,0,0,0,0,0,1,0,0,0,0,0,0,0,0,0,0,"NONE",1,0,0,1,0,"UNMARRIED",0,0,0,0,0,1,0,0,0,0,0,0,6,0,0,1,0,0,1,0,0,0.0955651104450226,0.307692307692308,0.201628709068665,0,4
"186",1092433,30.12,14.5,29.99,0,0,0.13,9.5,-0.13,0,0,0.67,0,0,0,1.67,0,2.67,1.67,0,0,0,8,2,2,"OMALNC402",1,1,237,40,0,0,0,1,0,0,0,0,0,2,0,1,0,2,0,1,0,0,0,0,0,0,0,0,0,0,"NONE",0,0,1,0,2,"UNKNOWN",1,1,1,0,0,1,0,0,0,0,0,0,7,0,0,1,0,0,1,0,0,0.256912171840668,0.307262569832402,0.282087370836535,0,6
"187",1092509,38.99,154.5,44.99,0,0,0,40.5,0,0,0,2,0,0,24.29,0.33,0,32.67,6.33,0,0,0,10,2,2,"DALDAL214",1,1,297,58,60,0,1,0,0,0,0,0,0,1,0,0,1,0,0,1,1,0,0,0,0,0,0,0,0,0,"NONE",0,0,1,0,2,"UNKNOWN",1,1,0,0,0,1,1,0,0,0,0,0,4,0,0,1,0,1,0,NA,0,0.343532651662827,0.254716981132075,0.299124816397451,0,7
"188",1093181,146.89,1125.25,79.99,0.25,179,0,790.75,187.7,11.33,0.67,39,1.33,0,284.63,15,0.33,199,52.33,12,0,1,6,1,1,"LAXPSG760",1,1,183,42,42,0,0,0,0,0,1,0,0,5,0,0,1,0,0,1,0,0,0,0,0,0,0,0,0,0,"NONE",0,0,1,0,2,"UNKNOWN",0,0,0,0,0,1,0,0,0,0,0,0,9,0,0,1,0,0,0,NA,0,0.610052466392517,0.205882352941176,0.407967409666847,1,9
"189",1093881,124.47,2069.25,73.06,3.22,126.75,0,-451.25,-49.48,22,6,112.67,12.33,1,539.31,54,13,279.67,333.67,28,0,17.67,10,1,1,"DALFTW817",2,1,278,28,22,0,0,0,0,0,1,0,0,5,0,0,0,0,0,1,0,0,0,0,0,0,0,0,0,0,"NONE",0,0,1,0,2,"UNKNOWN",0,0,0,0,0,1,0,0,0,0,0,0,6,0,0,0,129.99,0,0,NA,0,0.335550129413605,0.188679245283019,0.262114687348312,0,10
"190",1094200,49.99,64.75,59.99,0,0,0,-38.75,0,0,0,0,0,0,0,0,0,0,0,0,0,0,9,2,2,"NYCQUE917",2,2,163,0,0,0,0,1,0,0,0,0,0,2,0,0,0,0,1,1,0,0,0,0,0,0,0,0,0,0,"NONE",1,1,0,0,3,"UNKNOWN",0,0,0,0,0,0,0,0,0,0,1,1,0,0,0,0,199.99,0,0,NA,0,0.526936531066895,0.435294117647059,0.481115324356977,1,2
"191",1094997,46.07,956.25,54.83,1.24,0,0,-404.25,-14.74,24.67,2.33,52,2.67,0.67,161.34,17.67,3.33,75.33,113,27,0,0,9,3,1,"APCSIL301",1,1,255,0,0,0,0,0,0,1,0,0,0,4,0,1,0,2,0,1,0,0,0,0,0,0,0,0,0,0,"NONE",1,1,0,0,3,"UNKNOWN",0,0,0,0,0,0,0,0,0,0,0,1,0,0,0,1,0,0,0,NA,0,0.381556540727615,0.307262569832402,0.344409555280009,1,6
"192",1095499,42.74,301.25,36.04,3.22,26.25,0.48,-15.25,-29.59,3.33,2.33,15.33,1.33,0,74.11,8.33,1.67,72.33,30.67,5.67,0,0,9,1,1,"DETLAN517",1,1,245,0,0,0,0,0,0,0,1,0,0,5,0,0,1,3,0,1,0,0,0,0,0,0,0,0,0,0,"NONE",1,1,0,0,3,"UNKNOWN",0,0,0,0,0,0,0,0,0,0,0,1,0,0,0,1,0,0,0,NA,0,0.228487208485603,0.307692307692308,0.268089758088956,0,4
"193",1096090,25.12,1670.25,10,0,2,0,-350.25,31.27,3.33,0,56.33,0,0.33,565.01,186,100.67,295.67,300,3.33,0,0.33,8,2,2,"APCFRD301",1,1,226,38,68,1,0,0,0,0,1,0,0,5,0,1,0,2,0,1,0,0,0,0,0,0,0,0,0,0,"NONE",0,1,0,0,3,"UNKNOWN",0,0,0,0,0,1,0,0,0,0,0,0,7,0,0,1,0,0,1,1,1,0.154729083180428,0.307262569832402,0.230995826506415,0,6
"194",1097446,103.83,842.5,26.93,2.23,190.75,0.88,-842.5,-105.12,3.33,2,48,10,0,713.08,27,0,185.33,124.33,5.33,0,3,7,1,1,"HOUHOU281",1,1,186,30,0,0,0,0,0,1,0,0,0,4,0,0,1,0,0,1,0,0,0,0,0,0,0,0,0,0,"NONE",1,1,0,0,3,"UNKNOWN",0,0,0,0,0,0,0,0,0,0,0,1,0,0,0,1,0,0,0,NA,0,0.26297265291214,0.188679245283019,0.225825949097579,0,10
"195",1097687,12.99,1,10,0,0,0,-1,0,0,0,0,0,0,0,0,0,0.33,0,0,0,0,31,1,1,"HWIHON808",2,2,691,48,50,0,1,0,0,0,0,0,0,1,0,0,0,0,1,0,0,0,0,0,0,0,0,0,0,0,"NONE",0,0,1,0,2,"UNKNOWN",0,0,0,0,0,1,1,1,0,0,0,0,7,0,0,0,29.99,1,0,NA,1,0.590611338615417,0.435294117647059,0.512952728131238,1,2
"196",1097703,17.99,11.5,17.99,0,0,0,2.5,0,0,1.33,1,0,0,0.49,12,0,18.33,2.33,1.33,0,0,31,1,1,"HWIHON808",1,1,934,56,28,0,1,0,0,0,0,0,0,1,0,1,0,2,0,1,0,0,0,0,0,0,0,0,0,0,"NONE",0,0,0,1,0,"UNMARRIED",1,1,0,0,1,1,0,0,0,0,0,0,4,0,0,1,0,0,0,NA,0,0.334547489881516,0.307262569832402,0.320905029856959,1,6
"197",1097979,63.72,581.25,59.99,0,44.25,0,-32.25,-13.13,15.67,4.67,18.67,5.67,0,205.91,16,1.33,143,23,20.33,0,0.33,44,1,1,"LAXVNY818",3,2,353,40,34,1,0,0,0,1,0,0,0,4,0,1,0,2,0,0,0,0,1,0,0,0,0,0,0,1,"PROFESSIONAL",0,0,1,0,2,"UNKNOWN",0,0,0,0,0,1,0,0,0,0,0,0,9,0,0,0,29.99,0,0,NA,0,0.357219964265823,0.307262569832402,0.332241267049113,1,6
"198",1098503,46.61,154.25,15,0,70.25,0,-154.25,-31.61,3.33,0.67,18.67,1.33,0,28.94,8.33,1.67,24.67,35,4,0,1,38,4,1,"LAXVNY818",2,1,1139,90,40,0,1,0,0,0,0,0,0,1,0,0,0,0,0,0,0,0,0,0,0,0,0,0,0,0,"NONE",1,0,0,1,0,"UNMARRIED",0,0,0,0,0,1,0,0,0,0,0,0,4,0,0,0,29.99,0,1,1,1,0.582552969455719,0.307692307692308,0.445122638574013,1,4
"199",1098575,52,425.75,30,2.23,56.5,0,22.25,-3.34,6.33,0.33,17,0,0,86.92,66.33,16.67,110,122.33,6.67,0,0,35,1,1,"NEVCHU619",5,4,81,30,26,0,0,1,0,0,0,0,0,2,0,0,0,0,1,1,0,0,0,0,0,0,0,0,0,0,"NONE",0,1,0,0,3,"UNKNOWN",1,1,0,0,0,1,1,1,0,0,0,0,7,0,0,0,149.99,1,0,NA,0,0.386191785335541,0.435294117647059,0.4107429514913,1,2
